Participante,Texto,Sentimiento,Palabras,Dia,Mes,Anio
VOCES A CORO,: Viva.,0.541333260777616,2,11,01,2019
VOCES A CORO,: Viva.,0.541333260777616,2,11,01,2019
VOCES A CORO,: Viva.,0.541333260777616,2,11,01,2019
VOCES A CORO,: Viva.,0.541333260777616,2,11,01,2019
VOCES A CORO,+++++,0.541333260777616,1,11,01,2019
