Participante,Texto,Sentimiento,Palabras,Dia,Mes,Anio
PRESIDENTE ANDRES MANUEL LOPEZ OBRADOR,: Buenos días. Ánimo.,0.0,4,23,09,2024
PRESIDENTE ANDRES MANUEL LOPEZ OBRADOR,"Bueno, pues vamos a iniciar. Nos demoramos un poco porque nos despedimos de todos los integrantes del Gabinete de Seguridad. Desde luego, vamos a estar trabajando hasta el último día, pero se hizo un pequeño convivio porque el Gabinete de Seguridad es el que ha estado todos los días en reunión permanente; nos hemos reunido de lunes a viernes todos los días de 6:00 a 7:00 de la mañana.",0.0,69,23,09,2024
PRESIDENTE ANDRES MANUEL LOPEZ OBRADOR,"Y este Gabinete de Seguridad es el que recibe el reporte de todo lo sucedido en el país en las últimas 24 horas, y ahí tomamos decisiones. Está el secretario de la Defensa, de Marina, la secretaria de Gobernación, la secretaria de Seguridad Pública, la secretaria de Relaciones Exteriores, en fin, todos; esto diario, y todos sus equipos que les ayudan.",0.0,61,23,09,2024
PRESIDENTE ANDRES MANUEL LOPEZ OBRADOR,"Esto nunca se había hecho en el país, que todos los días supiéramos lo que acontece en los distintos pueblos de México y actuáramos de manera coordinada. El presidente antes recibía un reporte cada semana, cada 15 días; sólo cuando había algo muy grave se le informaba de inmediato; ahora en todo el gobierno hemos estado recibiendo información permanentemente, y esto ha ayudado a enfrentar el problema de la inseguridad y de la violencia.",0.0,74,23,09,2024
PRESIDENTE ANDRES MANUEL LOPEZ OBRADOR,"Entonces, como ya estamos en esta última semana, al finalizar la reunión de hoy hubo tamales y mariachis y muchas fotos, y por eso llegamos tarde, pero aquí estamos.",0.0,29,23,09,2024
PRESIDENTE ANDRES MANUEL LOPEZ OBRADOR,"Y nos da mucho gusto que nos acompañen quienes de manera voluntaria participaron en el Consejo de la Memoria Histórica, y se va a exponer sobre eso el día de hoy.",0.0,31,23,09,2024
PRESIDENTE ANDRES MANUEL LOPEZ OBRADOR,"Y también, como siempre todos los lunes, vamos a informar sobre el quién es quién en el precio de los alimentos, de los combustibles.",0.0,24,23,09,2024
PRESIDENTE ANDRES MANUEL LOPEZ OBRADOR,"Y terminando ya las exposiciones, abrimos para preguntas y respuestas, y nos va a dar tiempo, para todo hay tiempo.",0.0,20,23,09,2024
PRESIDENTE ANDRES MANUEL LOPEZ OBRADOR,"Entonces, empezamos, si les parece, empezamos con el procurador.",0.0,9,23,09,2024
DAVID AGUILAR ROMERO,": Muchas gracias. Muy buenos días, señor presidente, secretaria Alejandra Frausto. Muy buenos días a todos.",0.0,16,23,09,2024
DAVID AGUILAR ROMERO,"Pues empezamos el día de hoy y, como le hemos hecho de manera recurrente, les comento que para el 19 de septiembre la mezcla mexicana de petróleo tuvo un precio a nivel internacional de 66 dólares con 84 centavos. Esto nos lleva a informar que en el periodo anterior, si bien recordamos que la semana pasada no hubo conferencia de prensa, pero sí reporte de precios, tenemos que la gasolina regular estuvo en 23 pesos con 83 centavos, 12 centavos menos que la semana anterior; en el caso de la gasolina prémium, de la misma manera, 25 pesos con 31 centavos, 12 centavos menos que la semana anterior; y en el caso del diésel, 25 pesos con 47 centavos menos que la semana anterior. Y, sin embargo, tanto la semana anterior como esta volvemos a tener cero por ciento de incentivo fiscal.",0.0,142,23,09,2024
DAVID AGUILAR ROMERO,¿Qué quiere decir esto?,0.0,4,23,09,2024
DAVID AGUILAR ROMERO,"Como hemos comentado, que la fórmula que se tiene es una fórmula muy adecuada, que sea dinámica e ir teniendo los precios, los incentivos, de una manera constante, acorde con la realidad que se va viviendo, pero desde luego cumpliendo con los compromisos marcados por esta administración.",0.0,47,23,09,2024
DAVID AGUILAR ROMERO,"En el caso de los indicadores de ganancia por marca a nivel nacional, tenemos, y estamos ya cerrando esta administración, aparece Arco, Chevron, Redco y Chevron con los indicadores de ganancia más altos, en contraste —y no nos extrañará— con franquicias como Gulf, Total, G500, con indicadores más bajos y, en consecuencia, podemos definirlos como las marcas aliadas de las y los consumidores.",0.0,63,23,09,2024
DAVID AGUILAR ROMERO,"Vale la pena ver ahí en la gráfica, Oxxo Gas y Petro Seven hace ya dos, tres, cuatro meses, empezaron a tener picos sobre todo en esa zona metropolitana de Monterrey. Se platicó con ellos, vale la pena mencionarlo en ambos casos haciendo algunos ajustes y todo, y ya desde hace algunas semanas con mejores precios.",0.0,56,23,09,2024
DAVID AGUILAR ROMERO,"Shell, también comentar, hace año, año y medio, empezaron a tener también picos, una franquicia con la que se fue hablando; fueron mejorando sus precios y ya desde hace varias semanas los vemos ubicados al centro de la tabla.",0.0,39,23,09,2024
DAVID AGUILAR ROMERO,"Pemex, no se diga, como franquicia siempre ha sido el referente, se encuentra también en ese lugar, Valero, Orsan y muchas otras que han cooperado, han colaborado y se han acercado para ser aliadas de los consumidores.",0.0,37,23,09,2024
DAVID AGUILAR ROMERO,"Pasamos ahora por región y por tipo de combustible. En el caso de la gasolina regular, tenemos desgraciadamente… También hay quienes como que no les ha caído el veinte de esta lógica de mejorar los precios y tener también ganancias, pero no de una manera exageradamente lucrativa. Por ejemplo, tenemos Grupo Octano, una franquicia de Pemex en Puerto Vallarta, Jalisco, con el litro de regular en 26 pesos con 69 centavos, 2.86 pesos por arriba del promedio nacional.",0.0,78,23,09,2024
DAVID AGUILAR ROMERO,"Sin embargo, tenemos una gasolinera de Valero, gasolinería Medellín, en Medellín de Bravo, Veracruz, con la misma gasolina regular, pero el litro en 22 pesos con 49 centavos, solamente 67 pesos de ganancia y un peso con 37 centavos por debajo del promedio nacional.",0.0,44,23,09,2024
DAVID AGUILAR ROMERO,"Todas las que vemos ahí en la tabla, en Coahuila, Estado de México, Yucatán, Chihuahua, Guanajuato, Chiapas, Nayarit, todas ellas son sólo un ejemplo de muchísimas más que están por debajo, inclusive, del promedio nacional.",0.0,35,23,09,2024
DAVID AGUILAR ROMERO,"Pasando ahora a la gasolina de alto octanaje, la gasolina prémium, tenemos a gasolinería Flecha, en Guaymas, Sonora, desgraciadamente con un precio bastante alto para ser prémium, 27 pesos con 99 centavos; como vemos, dos pesos con 68 centavos por arriba del promedio nacional y con cuatro pesos con 71 centavos de ganancia.",0.0,53,23,09,2024
DAVID AGUILAR ROMERO,"En esta misma gasolina, sin embargo, tenemos a G Gasolider Combustibles Araiza, en San Luis Potosí, ahí en la capital de ese bonito estado, con el litro en 22 pesos con 99 centavos, dos pesos con 32 centavos por debajo del promedio nacional; y como lo podemos ver también casos Puebla, Tabasco, Yucatán, Nayarit, sobre todo franquicias Pemex con precios por debajo del promedio nacional.",0.0,65,23,09,2024
DAVID AGUILAR ROMERO,"Tenemos ahora, en el caso del diésel, una franquicia de Pemex, gasolinera La Chatina, en Santos Reyes Nopala, Oaxaca, con el litro en 27 pesos con 71 centavos, 3.29 pesos de ganancia, un precio bastante caro para este combustible, sobre todo si lo comparamos con una estación de servicio, Expendedora de Servicios Mexiquense de Pemex, aquí en Nextlalpan, Estado de México, con el litro de diésel en 23 pesos con 77 centavos, 1.70 por debajo del promedio nacional; y cómo podemos ahí a Valero, G500, Fullgas, Gulf, Capetron, todas ellas por debajo del promedio nacional.",0.0,95,23,09,2024
DAVID AGUILAR ROMERO,"Pasando ahora el tema de verificaciones, entre el 13 y el 19 de septiembre, les comento que atendimos 385 denuncias, realizamos 261 visitas de verificación y/o constatación. En este caso ninguna gasolinera se negó a ser verificada y únicamente encontramos una estación que no dio litros completos, eso sucedió aquí en el municipio de Huixquilucan, Estado de México.",0.0,58,23,09,2024
DAVID AGUILAR ROMERO,"El ‘Quién es quién en los precios del gas LP’, un mercado, como lo he reiterado en muchas ocasiones, un mercado estable, los proveedores de este combustible también cumpliendo, ateniéndose al esquema que ha instaurado la CRE con precios por debajo de los referentes internacionales; y, por ejemplo, al 18 de septiembre en el caso del gas por kilo, a nivel internacional estuvo en 20 pesos con 91 centavos, el promedio nacional en esa misma fecha en 19 pesos con 97 centavos.",0.0,82,23,09,2024
DAVID AGUILAR ROMERO,"En el caso del gas que se expende por litro, a nivel internacional 11 pesos con 33 centavos, y en el caso del promedio nacional, 10 pesos con 78 centavos. Como les comentaba, muy bien por todos los proveedores de este combustible, en este caso de las 220 regiones que determinó la CRE para establecer los precios máximos hicimos verificaciones, visitas, se realizaron 686 en todo el país y en todos los casos todos ellos cumplieron en dar precios iguales o por debajo del máximo en su respectiva región.",0.0,89,23,09,2024
DAVID AGUILAR ROMERO,"Y, por ejemplo, en el caso del gas que se vende por litros tenemos Gas América, en Nicolás Romero, Estado de México, que ofreció el litro de gas a 10 pesos con 46 centavos, cuando en su región el máximo fue 10 pesos con 75 centavos. Como ese caso podemos encontrar otros temas así, en Michoacán, Sonora, Nuevo León y Guanajuato, entre otros.",0.0,63,23,09,2024
DAVID AGUILAR ROMERO,"De la misma manera, el gas que se expende por kilo lo encontramos, por ejemplo, en Chiautempan, Tlaxcala, con el kilo en 18 pesos con 81 centavos cuando, por ejemplo, su máximo era 19 pesos con 52 centavos, casos similares en Veracruz, Jalisco, Hidalgo, Puebla y Guanajuato.",0.0,47,23,09,2024
DAVID AGUILAR ROMERO,"De estas 686 verificaciones que se realizaron, una semana muy buena, habíamos tenido algún detallito en las semanas pasadas, pero en esta ocasión no se infraccionó a ningún proveedor, no se inmovilizó ningún vehículo, ningún instrumento de medición, ningún cilindro por alguna condición de inseguridad, todos ellos salieron limpios.",0.0,49,23,09,2024
DAVID AGUILAR ROMERO,"Pasamos ahora al tema del ‘Quién es quién en los precios de la canasta básica’, recordando que es una canasta de referencia con 24 productos que se determinaron y se acordó con las tiendas de autoservicio en que se estableciera un precio, un compromiso, más bien, que estuviera por debajo de los mil 39 pesos.",0.0,55,23,09,2024
DAVID AGUILAR ROMERO,"Y hoy traemos buenas noticias, es la primera ocasión en la que la canasta básica, el promedio a nivel nacional de estos 24 productos fue de 810 pesos con 87 centavos por debajo de los 811 pesos, pero les recuerdo el compromiso es mil 39 pesos.",0.0,46,23,09,2024
DAVID AGUILAR ROMERO,"Estamos, como lo pueden ver ahí, con los precios máximos y mínimos debajo de ese compromiso. Y podemos ver la línea de tendencia roja cómo ha ido disminuyendo, eso, sin duda alguna, además de que nosotros lo monitoreamos y lo medimos es gracias al compromiso que se estableció de manera reciente con Antad, sus asociados y también con Grupo Walmart, que abarcan una parte muy considerable del mercado a nivel nacional.",0.0,71,23,09,2024
DAVID AGUILAR ROMERO,"Ahí está la respuesta de ellos y hoy tenemos precios muy, muy competitivos. Por ejemplo, en la zona centro, entre el 9 y el 13 de septiembre Walmart Pirules, como recordamos hace como cuatro semanas Walmart ya estaba excediendo los mil pesos, insisto, por debajo de los mil 39, pero en esta ocasión Walmart Pirules, en Tlanepantla, Estado de México, con la canasta básica en 970 pesos.",0.0,67,23,09,2024
DAVID AGUILAR ROMERO,"Otro Walmart, en la capital del estado de Tlaxcala, 965 pesos con 90 centavos; nos encontramos por ahí a La Comer, a Soriana; y, por ejemplo, Chedraui, la sucursal que ahí junto al Poliforum, en León, Guanajuato, 791 pesos con 50 centavos; otro Chedraui, en Apizaco, Tlaxcala, también, buenas noticias para ese estado, con la canasta en 796 pesos con 80 centavos.",0.0,62,23,09,2024
DAVID AGUILAR ROMERO,"En la zona centro norte nos encontramos, en ese mismo periodo, una Bodega Aurrera, la Unidad Camino Real, en La Paz, Baja California Sur, con la canasta en 961 con 90 centavos; tenemos un Walmart, en Culiacán, 958 con 60; Soriana, en 946 con 60; otro Soriana en Aguascalientes, 935 pesos; otro Walmart, también, en Plaza Galerías, en la capital de Aguascalientes, 812 pesos con 90 centavos, esta canasta; otro Walmart, también, 826 pesos con 20 centavos, como vemos, por debajo de los mil pesos; pero también Soriana, Chedraui, la Central de Abastos de Durango, por ejemplo, 869 pesos con 90 centavos.",0.0,102,23,09,2024
DAVID AGUILAR ROMERO,"Nos vamos al norte y en Chihuahua, Chihuahua, tenemos a S-Mart, sucursal Fuentes Mares, con la canasta en 976 pesos con 48 centavos; Chedraui en 968 pesos con 90 centavos, en Tampico; tenemos un Walmart, una vez más, en Saltillo, Coahuila, en 932 con 50; y pasamos ahora a otro Walmart, sucursal Fuentes Mares, ahí muy cerquita de S-Mart, con una diferencia importante que vale la pena considerarlo, tenemos a Walmart Fuentes Mares con la canasta de las más baratas, 760 pesos con 30 centavos; y en esa zona norte también hace una mención especial en Saltillo, en Tampico, en Hermosillo y en Tijuana, Grupo Soriana en su formato de Soriana Híper y un Soriana Súper, con canastas que van de los 826 pesos a los 855 pesos. Muy buenos precios también ahí en la zona norte.",0.0,137,23,09,2024
DAVID AGUILAR ROMERO,"Pero donde generalmente encontramos muy buenos precios, también, ya, finalmente, es la zona sur, como les decía, del 9 al 13 de septiembre, seguimos con Soriana, en Plaza Canek 110, en Mérida, Yucatán, con esta canasta en 878 pesos; y también podemos ver ahí a Bodega Aurrera, 856 pesos con 70 centavos; Chedraui, en Campeche, 851 pesos con 98 centavos. Como vemos, todas ellas por debajo, incluso, de los 900 pesos.",0.0,71,23,09,2024
DAVID AGUILAR ROMERO,"Y tenemos uno de los mejores casos, Bodega Aurrera Itzazez en Mérida, Yucatán, con la canasta en 750 pesos con 20 centavos. Y no dejar de lado, también, como lo estamos mencionando, Chedraui, en Solidaridad, Quintana Roo, a 756 pesos con 10 centavos y en Tuxtla Gutiérrez, en 800 pesos con 60 centavos.",0.0,53,23,09,2024
DAVID AGUILAR ROMERO,Muchas gracias a todas y a todos ustedes por su atención y que tengan muy buenos días.,0.0,17,23,09,2024
DAVID AGUILAR ROMERO,Con permiso.,0.0,2,23,09,2024
ALEJANDRA FRAUSTO GUERRERO," Muy buenos días, presidente. Muchas gracias, gracias a la oportunidad de esta mañanera para platicar sobre el trabajo que se ha hecho por muchas instancias y muchas personas, pero sobre todo encabezado por el presidente de la República y la doctora Beatriz Gutiérrez Mueller, lo que representa el rescate de la memoria histórica y la defensa del patrimonio, ya sea el patrimonio de nuestro pasado o el vivo, que está aquí enfrente.",0.0,72,23,09,2024
ALEJANDRA FRAUSTO GUERRERO,"Va a estar en este micrófono Carlos Ruiz Abreu, director general del Archivo General de la Nación; Adriana Castillo Román, directora general de Conservación de Palacio Nacional; el doctor Diego Prieto, el antropólogo Diego Prieto, director general del Instituto Nacional de Antropología e Historia; Pedro Salmerón, quien está al frente del Archivo General Agrario; Ignacio Netzahualcóyotl, representando a todo el movimiento original y parte del consejo, y Laura Elena Carrillo, subsecretaria para América Latina y el Caribe de la Secretaría de Relaciones Exteriores. Nos acompañan también aquí Lucina Jiménez, directora general de Bellas Artes; Felipe Ávila, director general del Inehrm, y Rodrigo Borja, director general de Bibliotecas. Pasaremos un video también.",0.0,111,23,09,2024
ALEJANDRA FRAUSTO GUERRERO,"Y quiero agradecer de manera muy especial esta mañana al Consejo de Memoria Histórica Honorario que ha acompañado a este esfuerzo: por supuesto, querida Elena Poniatowska, amor, gracias por estar esta mañana aquí; Arturo Beristáin, Carlos Pellicer López, buenos días; Horacio Franco, Arturo Hernández Rojas, muchas gracias por acompañarnos; y, bueno, Zoé Robledo está afuera de la ciudad, pero es parte de este consejo también; por supuesto, la doctora Gutiérrez Mueller, que es parte de este consejo, y está trasladándose a Matamoros para el tema de Catarino Garza, que se comentará más adelante.",0.0,93,23,09,2024
ALEJANDRA FRAUSTO GUERRERO,"La doctora se sumó a apoyar dos movimientos muy fuertes para recuperación del patrimonio, como ‘Mi patrimonio no se vende’ con el que hemos repatriado al momento 14 mil 48 piezas a nuestro país, y también al movimiento Original para luchar en contra de los plagios.",0.0,46,23,09,2024
ALEJANDRA FRAUSTO GUERRERO,"Quiero agradecer a Juana Bravo, de Michoacán; a Justino Damiano, de Chilapa, Guerrero; a María de los Ángeles Rodríguez Bautista, de Ahuirán, Michoacán; a Miguel Ángel Sosme Campos, de Coatzacoalcos, Veracruz; a Nancy Carbajal, de Tlaquilpa, Veracruz; a Estela Zárate, de San Miguel Cajonos, Oaxaca; a Teresa Lino, de Hueyapan, Puebla; a Todos los Santos de San Ignacio Arareco, Chihuahua; a Valentina Torres, de Punta Chueca, Sonora; a Amanda Tah, de Felipe Carrillo Puerto; y a Marina Núñez, de la Sierra de Guerrero; y a nuestra más pequeña consejera, Ángeles Serrano, de Tlaquilpa, Veracruz, que hoy cumple 11 años.",0.0,99,23,09,2024
ALEJANDRA FRAUSTO GUERRERO,"Muchas gracias, presidente, por este espacio. Y al final se pasará un video. Adelante.",0.0,14,23,09,2024
CARLOS ENRIQUE LUIS ABREU," Buenos días, señor presidente, distinguidos miembros del Consejo Honorario para la Memoria Histórica de México, del Archivo General de la Nación, estimados compañeros y compañeras.",0.0,25,23,09,2024
CARLOS ENRIQUE LUIS ABREU,"Con gran emoción, deseo compartir con ustedes los logros de un sexenio marcado por la dedicación y la implementación de acciones estratégicas sin precedente para preservar los 54 kilómetros lineales de documentos que resguarda el Archivo General de la Nación.",0.0,40,23,09,2024
CARLOS ENRIQUE LUIS ABREU,"En 2019 hicimos un diagnóstico que nos reveló la alarmante precariedad en la que se encontraba el acervo más importante y extenso de América Latina, depositario de más de 500 años de historia. Con el respaldo incondicional del presidente, conocedor de la historia y defensor incansable del patrimonio de nuestro país, hoy me enorgullece informar a todos mis compatriotas que hemos cambiado por completo la fisonomía del Archivo General de la Nación.",0.0,72,23,09,2024
CARLOS ENRIQUE LUIS ABREU,"La memoria nacional está siendo custodiada y protegida con los más altos estándares en preservación documental y digital en beneficio de las generaciones futuras. Gracias a los recursos materiales y humanos autorizados por la Presidencia de la República, hemos avanzado significativamente en las tareas esenciales de esta institución, identificación, organización y conservación del acervo que nos han permitido realizar un inventario detallado que brinda visibilidad a cada documento.",0.0,68,23,09,2024
CARLOS ENRIQUE LUIS ABREU,"Hemos elaborado y homologado tres millones 250 mil fichas descriptivas, digitalizado 22 millones de imágenes y facilitado su consulta desde cualquier lugar de México y del mundo a través del repositorio documental digital del AGN y del complemento de este, que es Memórica, un repositorio de difusión y promoción que hace realidad el derecho a la memoria de todos y todas las mexicanas.",0.0,63,23,09,2024
CARLOS ENRIQUE LUIS ABREU,"Para muchos de nosotros este es un momento histórico. Hoy se pueden consultar en el archivo de manera presencial y sin restricción alguna los expedientes de la Dirección Federal de Seguridad y de la Dirección General de Investigaciones Políticas y Sociales, y de manera digital cinco millones 784 mil imágenes de las fichas de estas dos instituciones con información sobre persecuciones y represiones policiacas, abusos de los gobiernos represores y autoritarios del periodo conocido como ‘guerra sucia’ que dan cuenta de graves violaciones a los derechos humanos.",0.0,87,23,09,2024
CARLOS ENRIQUE LUIS ABREU,"Cumplimos, señor presidente, con nuestro sueño: poner la memoria de México a disposición de todas y todos los mexicanos.",0.0,19,23,09,2024
CARLOS ENRIQUE LUIS ABREU,Hemos asegurado la recuperación de documentos históricos sustraídos ilícitamente en décadas pasadas y hemos establecido una doctrina jurídica especializada para prevenir y combatir el tráfico ilegal de nuestro patrimonio documental. Porque nuestro patrimonio no se vende; se ama y se defiende.,0.0,41,23,09,2024
CARLOS ENRIQUE LUIS ABREU,"No puedo dejar de agradecer a la doctora Beatriz Gutiérrez Mueller su invaluable apoyo en la creación del Consejo de Memoria Histórica, hoy ya asentado en el Archivo General de la Nación como Consejo Honorario para la Memoria Histórica de México y por su constante guía y apoyo en el desarrollo de numerosos proyectos del AGN. Muchas, muchas gracias a la doctora.",0.0,62,23,09,2024
CARLOS ENRIQUE LUIS ABREU,"A nombre de los 514 trabajadores que integramos esta noble institución quiero expresarle nuestro inmenso agradecimiento, señor presidente, por conservar la memoria de nuestro país y hacerla accesible a la ciudadanía. Creemos que es el mayor legado que ha podido dejar a nuestra nación.",0.0,44,23,09,2024
CARLOS ENRIQUE LUIS ABREU,"Sabemos que aún queda mucho por hacer, pero los trabajadores del Archivo General de la Nación hemos logrado reducir los niveles de rezago, pasando del olvido a la esperanza.",0.0,29,23,09,2024
CARLOS ENRIQUE LUIS ABREU,"Gracias, muchas gracias por su invaluable apoyo. Hasta siempre, señor presidente.",0.0,11,23,09,2024
ADRIANA CASTILLO ROMAN," Muy buenos días a todos. Con su permiso, señor presidente.",0.0,10,23,09,2024
ADRIANA CASTILLO ROMAN,"Para la Secretaría de Hacienda y Crédito Público, además de ser responsable de la economía del país, tiene bajo su resguardo edificios, muebles, libros, manuscritos, archivos y obras de arte que constituyen una parte significativa del patrimonio cultural de México.",0.0,40,23,09,2024
ADRIANA CASTILLO ROMAN,"Desde nuestros primeros años de vida independiente, el Ministerio de Hacienda ha atendido las necesidades de varios inmuebles, así como del emblemático Palacio Nacional, y en estos últimos seis años, por los varios encargos que hizo el presidente Andrés Manuel López Obrador, se han realizado medidas de protección y mantenimiento para preservar todo este patrimonio.",0.0,55,23,09,2024
ADRIANA CASTILLO ROMAN,"Mencionaré sólo algunas acciones relacionadas con el Palacio Nacional, pero antes es importante señalar que durante el periodo neoliberal no se reconoció la alta dignidad de este conjunto de edificios como sede del Poder Ejecutivo; por el contrario, nuestro presidente resaltó el gran valor histórico, pues está profundamente ligado a las tradiciones de la República, y eligió enaltecerlo con su presencia al encabezar diariamente reuniones de trabajo con su gabinete para buscar soluciones a las más vitales problemáticas nacionales. Por si esto fuera poco, además decidió habitarlo con su familia, tal como lo hizo Benito Juárez.",0.0,96,23,09,2024
ADRIANA CASTILLO ROMAN,"Entre los encargos resaltaré sólo aquellos que tienen relación con el tema que desde el periodo de transición de este gobierno impulsó la doctora Beatriz Gutiérrez, que es el de la preservación de la memoria histórica y el cuidado del patrimonio, acciones para proteger y recuperar la vigencia de los idearios defendidos por Benito Juárez, Francisco I. Madero, Daniel Cabrera y otros próceres no suficientemente reconocidos, sean estos del pasado remoto como Cuauhtémoc, o luchadores contemporáneos por la justicia social de México.",0.0,82,23,09,2024
ADRIANA CASTILLO ROMAN,"Del mismo modo, en honor al periodismo crítico, en la sala hoy titulada ‘Daniel Cabrera y los olvidados’, se habilitó una sala de juntas de trabajo en las que se conmemora a Carmen Serdán, Elena Garro y Nellie Campobello, entre muchas otras.",0.0,42,23,09,2024
ADRIANA CASTILLO ROMAN,"Para la ambientación de estas salas se utilizaron cuadros y objetos de la colección Pago en Especie, que también forman parte de los bienes que custodia Hacienda, la cual cuenta con más de 17 mil obras de más de mil 500 artistas.",0.0,42,23,09,2024
ADRIANA CASTILLO ROMAN,En beneficio del patrimonio edificado se puso en marcha un plan de trabajo que permitió certificar a Palacio Nacional como espacio 100 por ciento libre de humo de tabaco y atender también a la población felina y se sistematizó la entrada de los visitantes.,0.0,44,23,09,2024
ADRIANA CASTILLO ROMAN,"Ayer fue una fecha muy significativa, pues el presidente inauguró en el puerto de Veracruz el Centro Cultural Leyes de Reforma y develó la placa tras la reconstrucción de la primera casa que habitaron Benito Juárez y sus ministros cuando estalló la guerra de los Tres Años en 1858.",0.0,49,23,09,2024
ADRIANA CASTILLO ROMAN,"Con estos dos inmuebles suman siete los edificios históricos que tiene bajo su resguardo la Dirección General de la Conservaduría de Palacio Nacional. Por cierto, el secretario Rogelio Ramírez de la O me pidió decirles que para esta dependencia es un orgullo tenerlos bajo nuestra custodia y la Secretaría de Hacienda seguirá cuidándolos con esmero para que el rico patrimonio de México pueda ser disfrutado por muchas generaciones más.",0.0,69,23,09,2024
ADRIANA CASTILLO ROMAN,Buenos días. Gracias.,0.0,3,23,09,2024
DIEGO PRIETO HERNADEZ," Muy buenos días, presidente. Y con un saludo muy cariñoso para la doctora Beatriz Gutiérrez Mueller.",0.0,16,23,09,2024
DIEGO PRIETO HERNADEZ,"Tengo que ser breve. Hay un video que habla en general del gran trabajo que ha hecho este gobierno en favor de la memoria histórica y el patrimonio cultural, y ahí por supuesto se incluye al INAH, que es la institución del gobierno federal que tiene la misión de investigar, proteger, recuperar y difundir ese patrimonio.",0.0,56,23,09,2024
DIEGO PRIETO HERNADEZ,"Voy a hacer énfasis en sólo cinco puntos. Como parte de las conmemoraciones del 2021 y para fortalecer nuestra consciencia histórica se publicó el libro México grandeza y diversidad, que se distribuyó entre maestros, promotores culturales y escuelas de educación media básica. Además, se adaptó como libro de texto auxiliar para 4º, 5º y 6º de primaria.",0.0,57,23,09,2024
DIEGO PRIETO HERNADEZ,"En septiembre de 2021, la magna exposición La grandeza de México se presentó en el Museo Nacional de Antropología y la Secretaría de Educación Pública, con colecciones trasladadas y recuperadas de Alemania, Francia, Países Bajos, Estados Unidos, Italia y Suecia.",0.0,40,23,09,2024
DIEGO PRIETO HERNADEZ,"Hemos fortalecido la presencia de México en el mundo con 34 exposiciones internacionales en Alemania, Austria, Francia, Italia, China, Japón, Singapur, Abudabí, Estados Unidos, Canadá, Bolivia y Colombia.",0.0,28,23,09,2024
DIEGO PRIETO HERNADEZ,"Además de los inmensos trabajos de restauración de los bienes culturales afectados por los sismos de 2017, se restauró el Fuerte de San Juan de Ulúa de la mano con la Secretaría de Marina; el Fuerte de Perote con el gobierno de Veracruz, y el Fuerte de San Diego, en Acapulco, afectado por el Otis.",0.0,55,23,09,2024
DIEGO PRIETO HERNADEZ,"El intenso trabajo de salvamento arqueológico para la construcción del aeropuerto ‘Felipe Ángeles’ permitió establecer el Museo del Mamut ‘Quinametzin’ y el Centro de Investigaciones Paleontológicas, en Santa Lucía.",0.0,29,23,09,2024
DIEGO PRIETO HERNADEZ,"En el empeño de justicia para los pueblos indígenas que ha caracterizado a este gobierno, fortalecimos la perspectiva cultural en los planes de justicia de los pueblos yaqui, seris, guarijíos, mayos y chichimeca-otomíes, además del de los pueblos de Temacapulín, Acasico y Palmarejo, en Jalisco.",0.0,45,23,09,2024
DIEGO PRIETO HERNADEZ,"Acompañamos el histórico decreto presidencial que protege los principales lugares sagrados de los pueblos wixárika, nayeri, odam, audam y mexica. Celebramos que, con la aprobación unánime de la reforma constitucional sobre derechos de los pueblos indígenas y afromexicanos, México pueda volver la vista a la inmensa reserva de valores culturales que dichas comunidades resguardan.",0.0,54,23,09,2024
DIEGO PRIETO HERNADEZ,"Muchas, muchas gracias.",0.0,3,23,09,2024
PEDRO SALMERON SANGINES," Con su permiso, señor presidente. Buenos días. Compañeras, compañeros, amigos.",0.0,10,23,09,2024
PEDRO SALMERON SANGINES,"El 18 de noviembre de 2018, a unos días de tomar posesión de la Presidencia, Andrés Manuel López Obrador y la doctora Beatriz Gutiérrez Mueller presentaron en el Archivo General de la Nación el proyecto ‘Memoria histórica y cultural de México’. En ese evento anunciaron como proyectos varias de las realidades que hoy se están anunciando, entre ellas la del nuevo edificio, la nueva sede del Archivo General Agrario. Es otra promesa cumplida, señor presidente, el nuevo edificio está a punto de entregarse y la mudanza del Archivo General Agrario está en curso.",0.0,93,23,09,2024
PEDRO SALMERON SANGINES,"Pero ¿por qué es importante eso? Durante milenios lo que hoy llamamos fue un país agrario, y en buena medida lo sigue siendo. En las civilizaciones que florecieron en nuestro territorio las formas de producir y reproducir la vida, la cultura y la organización social giraron en torno a la tierra y al agua de la que se desprenden principios que anclan sus raíces en la propiedad comunal: la solidaridad, la ayuda mutua, la honestidad y otros valores que alimentaron un espíritu libertario, contrarios a la esclavitud y a la opresión. Eso lo dejó usted muy claro, señor presidente, en el capítulo 19 de su libro ¡Gracias!, en que muestra que las raíces del Humanismo Mexicano cunden o están en nuestra historia, la heredada de la comunidad y la resultante de la lucha por la soberanía y por la libertad.",0.0,140,23,09,2024
PEDRO SALMERON SANGINES,"Hay una institución encargada de custodiar parte fundamental de ese legado. Los pueblos y las comunidades campesinas e indígenas son los guardianes de la tierra y del agua de México, y el Archivo General Agrario es el custodio de la documentación que ampara la propiedad social, que es el 51 por ciento de la tierra de México, y que también resguarda las fuentes fundamentales de la historia de la lucha y la reivindicación agrarias. Es un acervo de más de 45 mil metros lineales de documentos, casi tanto como el que resguarda el AGN, Carlos, y de cerca de 350 mil planos, lo que hace del AGA el segundo archivo más importante del país.",0.0,114,23,09,2024
PEDRO SALMERON SANGINES,"El Archivo General Agrario se empezó a formar en 1915 con la documentación que presentaron los propios pueblos y comunidades que reivindicaban la devolución de sus tierras, de las tierras, montes y aguas usurpados, como dijo Zapata, en el Plan de Ayala, por los hacendados, científicos y caciquees a la sombra de la corrupción y de la justicia venal.",0.0,59,23,09,2024
PEDRO SALMERON SANGINES,"El archivo nació con la documentación histórica entregada por los propios pueblos y resguarda los documentos que explican la historia de la propiedad social, así como las formas del despojo cuando —dijo Madero en el Plan de San Luis— abusando de la ley de terrenos baldíos numerosos propietarios, en su mayoría indígenas, han sido despojados de sus terrenos. Buena parte de estas injusticias fueron revertidas por la Revolución mexicana y, sobre todo, por el gobierno de Lázaro Cárdenas, y esa reivindicación está documentada, guardada, custodiada en el Archivo General Agrario.",0.0,90,23,09,2024
PEDRO SALMERON SANGINES,"El neoliberalismo quiso acabar con la propiedad social de la tierra, con la contrarreforma salinista de 1992, pero los pueblos la rechazaron y la defendieron. En neoliberalismo relegó el Archivo General Agrario a tres bodegas industriales que no reúnen las características mínimas indispensables que debe tener un repositorio de este patrimonio histórico invaluable. Hoy, el gobierno de la Cuarta Transformación rescató al Registro Agrario Nacional y su archivo, el Archivo General Agrario, guardianes de la propiedad social, del abandono, la marginalidad, la precariedad a que los neoliberales los habían arrinconado.",0.0,90,23,09,2024
PEDRO SALMERON SANGINES,"Una última cosa que quisiera decir, señor presidente: los archivos son de una de las fuentes fundamentales de la historia. ¿Pero para qué queremos la historia? La historia es maestra de la política, dijo nuestro maestro Arnaldo Córdova. La historia es conciencia de valores; y si no, no sirve para nada, dijo mi maestro Álvaro Matute. La historia nos provee la conciencia de valores; si no, no funciona. Y esta es la historia que usted, presidente historiador, nos ha enseñado a lo largo de seis años desde esta tribuna y en muchas otras.",0.0,93,23,09,2024
PEDRO SALMERON SANGINES,"Le agradezco esa labor y haber puesto en el centro del debate nacional la historia. Lo vamos a extrañar muchísimo, señor presidente, aunque deja usted el país en las mejores manos posibles.",0.0,32,23,09,2024
PEDRO SALMERON SANGINES,"Quiero agradecer también todo el respaldo y el compromiso del arquitecto Román Meyer Falcón, titular de Sedatu, y del profesor Plutarco Emilio García Jiménez, director en jefe del Registro Agrario Nacional, sin cuyo compromiso total con la 4T, el nuevo edificio del Archivo General Agrario no sería una realidad.",0.0,49,23,09,2024
PEDRO SALMERON SANGINES,"Y gracias también… Por favor, señor presidente, dele mis saludos, mi agradecimiento a la doctora Beatriz. Agradézcale de parte de los mexicanos el proyecto de Memoria Histórica y Cultural de México, parte del cual es el rescate, revaloración, dignificación de los archivos históricos.",0.0,43,23,09,2024
PEDRO SALMERON SANGINES,"Gracias, señor presidente. Se queda usted para siempre en nuestro corazón y en nuestra mente.",0.0,15,23,09,2024
IGNACIO NETZAHUALCOYOTL NAVA," Bueno, muy buenos días a todos. Querido señor presidente, muy buenos días. Es para mí un gusto enorme saludarlo.",0.0,19,23,09,2024
IGNACIO NETZAHUALCOYOTL NAVA,"Mi nombre es Ignacio Nezahualcóyotl Nava. Soy originario de Contla de Juan Cuamatzi, en el estado de Tlaxcala. Somos una comunidad indígena nahua que tejemos sarapes en telar de pedales. Mi familia lleva tejiendo más de 100 años, al igual que muchas familias de los pueblos de México.",0.0,48,23,09,2024
IGNACIO NETZAHUALCOYOTL NAVA,"Soy parte del Consejo Asesor de Original, proyecto de la Secretaría de Cultura, a cargo de la licenciada Alejandra Frausto, que a lo largo de estos años nos ha brindado su amistad, además de que junto con excelente equipo de trabajo nos han orientado sobre temas de protección cultural, nos han guiado, nos han dado la oportunidad de expresar lo que está ocurriendo desde nuestros pueblos, así como un espacio muy digno de venta en el que consideramos ahora nuestro hogar, el Complejo Cultural Los Pinos.,",0.0,86,23,09,2024
IGNACIO NETZAHUALCOYOTL NAVA,"Realmente lo agradecemos muchísimo, lo valoramos, puesto que en nuestro trabajo siempre ha habido casos de discriminación, siempre ha habido casos de plagio y muchas veces ello nos da un sentimiento no muy digno, no muy padre de poder expresarlo.",0.0,40,23,09,2024
IGNACIO NETZAHUALCOYOTL NAVA,"Las palabras que estoy diciendo me nacen. A veces es complicado para nosotros expresarlo, pero creo que Original nos ha dado la fuerza, nos ha dado visibilidad y también nos ha dado esta oportunidad de tener voz, de gritar fuerte que seguimos en la lucha por prevalecer y que queremos mantenernos dignos, así, nuestra identidad, porque pedimos respeto a nombre de nuestros antepasados, pues ellos nos enseñaron a trabajar dignamente.",0.0,70,23,09,2024
IGNACIO NETZAHUALCOYOTL NAVA,"A través del diálogo que hemos logrado con Original, de esta visibilidad, mi pueblo ha sido partícipe del primer caso de resarcimiento de daño por el mal uso de los patrones e iconografías del sarape, esta tradición se comparte entre tlaxcaltecas y en Saltillo, Coahuila.",0.0,45,23,09,2024
IGNACIO NETZAHUALCOYOTL NAVA,"Estoy muy agradecido con usted, señor presidente, y con el gran trabajo que se ha hecho en estos años, el que me permitan, junto a mis compañeros consejeros de Original el ser escuchados, pero sobre todo el ser valorados.",0.0,39,23,09,2024
IGNACIO NETZAHUALCOYOTL NAVA,"De parte de todos nosotros, queremos decirles que estamos satisfechos con los logros obtenidos en estos años, que nuestro amor por México es muy fuerte, que tejer es nuestra forma de vida. A través de estos años se han cimentado bases sólidas y también sabemos claro que hay un camino que queremos seguir recorriendo con justicia, con honestidad, con mucho trabajo y mucho amor.",0.0,64,23,09,2024
IGNACIO NETZAHUALCOYOTL NAVA,"Queremos compartir nuestras costumbres, queremos transmitir la visión de nuestros ancestros hacia las siguientes generaciones con este compromiso de seguir tejiendo un país diverso, lleno de cultura, único por su gente, como lo es cada uno de los pueblos de nuestro amado México.",0.0,43,23,09,2024
IGNACIO NETZAHUALCOYOTL NAVA,"Señor presidente, creo que ha creado usted un camino para todos nosotros, y lo vamos a proteger y a cuidar.",0.0,20,23,09,2024
IGNACIO NETZAHUALCOYOTL NAVA,Gracias.,0.0,1,23,09,2024
L," AURA EENA CARRIO CUBIAS, SUBSECRETARIA PARA AMÉRICA ATINA Y E CARIBE DE A SECRETARÍA DE REACIONES EXTERIORES (SRE): Buenos días. Bueno, nada para cerrar, todas estas acciones que se estuvieron haciendo durante estos seis años corresponden a un derecho que tenemos las mexicanas y los mexicanos; es más, es un derecho que tienen todas las personas del mundo, es el derecho a la memoria histórica, pero había que hacerlo valer, había que ponerle el esfuerzo que se necesitaba, el empeño para que se tradujera en cosas reales para la comunidad y para nuestro país.",0.0,94,23,09,2024
L,"En caso de las relaciones exteriores, estuvimos buscando a próceres que pudieron haberse trasladado desde México —como fue el caso de Catarino Erasmo Garza— a otros países de América atina para apoyar, para asegurarse que íbamos a tener justicia social todos los países; lo mismo en el caso del general Melo, José María Melo, él es el único presidente, expresidente de Colombia que no descansa en su tierra, él trabajó con Benito Juárez y perdió la vida en Chiapas.",0.0,79,23,09,2024
L,"Bueno, buscarlos, encontrarlos, es parte precisamente de darle forma a este derecho que tenemos a la memoria histórica, y al derecho que tienen todas las comunidades, a que descansen en su tierra los próceres que les dieron justicia, que les dieron un gran ejemplo de trabajo por la libertad.",0.0,49,23,09,2024
L,"Pero algo muy importante es que estos esfuerzos no están aislados, siempre fueron acompañados de proyectos de desarrollo, de trabajo con la comunidad, un trabajo cercano. Y es por eso que quiero aprovechar para agradecer a la comunidad de Bocas del Toro, allá en Panamá, y también a la comunidad de Juncaná, en Chiapas, porque han estado de la mano con nosotros, que somos varias instituciones, muchas secretarías del gobierno federal que hemos trabajado como equipo, que hemos trabajado juntos, con ciencia, con la ciencia de la mano, porque estamos haciendo análisis de ADN para que podamos encontrar, como decimos, y reivindicar a estos próceres.",0.0,105,23,09,2024
L,"Es así como nosotros estamos dándole, como digo, una identidad fuerte a las y los mexicanos. a autoestima que deben de tener todas las niñas y todos los niños mexicanos es así como se va a enriquecer.",0.0,37,23,09,2024
L,"Vamos a seguir trabajando en eso estemos donde estemos, señor presidente. Muchísimas gracias a usted y a la doctora Beatriz Gutiérrez Mueller por esta inspiración. Muchas gracias.",0.0,27,23,09,2024
PREGUNTA," La Cuarta Transformación ha dado importancia por primera vez a la recuperación de la memoria histórica y al reconocimiento de nuestras raíces culturales. El presidente Andrés Manuel López Obrador se comprometió a nunca olvidar de dónde venimos para saber hacia dónde vamos. Por ello, diversas instituciones del Gobierno de México han dedicado esfuerzos a dignificar nuestra historia, el patrimonio cultural, los pueblos indígenas y el legado de nuestros héroes y heroínas. Ese mismo propósito ha sido un afán permanente en las acciones de la doctora Beatriz Gutiérrez Mueller. Se ha logrado establecer un puente entre el pasado y el presente, reconociendo y celebrando eventos y personajes clave en la formación de la nación.",0.0,113,23,09,2024
PREGUNTA,"La Comisión Presidencial para la Conmemoración de Hechos, Procesos y Personajes Históricos dio, por primera vez, relevancia a eventos que marcaron las transformaciones del país, entre ellos los 200 años de la promulgación del Plan de Iguala, el día de la victoria de Chakán Putum, el fin de la guerra de castas y la petición de perdón al pueblo maya, los siete siglos de historia de México Tenochtitlán, la petición de perdón por los agravios a la comunidad China, los 500 años de resistencia indígena, los 200 años de la consumación de la Independencia o la petición de perdón por los agravios a los pueblos yaqui.",0.0,106,23,09,2024
PREGUNTA,"Asimismo, cada año fue dedicado a personajes que no habían sido reconocidos, como Emiliano Zapata, Leona Vicario, Ricardo Flores Magón, Francisco Villa y Felipe Carrillo Puerto.",0.0,26,23,09,2024
PREGUNTA,"Se redignifica y difunde la memoria, vida y obra de Catarino Garza, periodista y líder revolucionario mexicano, cuyos restos fueron localizados en Boca del Toro, Panamá.",0.0,26,23,09,2024
PREGUNTA,"Se trabaja en la ubicación y repatriación de los restos del general José María Melo, último oficial del ejército de Bolívar y primer presidente indígena en Colombia, que se unió a la causa de Benito Juárez y fue fusilado en La Trinitaria, Chiapas.",0.0,43,23,09,2024
PREGUNTA,"Asimismo, fueron repatriados los restos de Clara Kraus, esposa del general Felipe Ángeles.",0.0,13,23,09,2024
PREGUNTA,"La historia ha vuelto a ocupar un lugar central en la vida pública nacional. Ahora se cuenta la historia de los que nunca habían sido escuchados: las minorías, las comunidades indígenas y afrodescendientes, los migrantes, las infancias, las luchas populares, las mujeres.",0.0,42,23,09,2024
PREGUNTA,"Con esta perspectiva, se generaron los contenidos de importantes materiales, como los nuevos libros de texto gratuitos, el programa Aprende en Casa o la colección editorial y serie de televisión Historia del pueblo mexicano.",0.0,34,23,09,2024
PREGUNTA,"La recuperación de acervos, documentos y archivos históricos, tanto físicos como digitales, realizada en este gobierno no tiene precedentes. El repositorio de difusión Memórica, ‘México, haz memoria’, es el esfuerzo más grande realizado hasta ahora para reunir los acervos digitales del país, cuenta con más de 2.5 millones de imágenes.",0.0,50,23,09,2024
PREGUNTA,"El Archivo General de la Nación resguarda el acervo histórico más notable de América Latina. Hasta antes de este gobierno carecía de inventarios sólidos y no había realizado acciones de conservación ni digitalización; además, se desconocía el 60 por ciento por ciento del acervo. Hoy con el respaldo del presidente, el AGN ha digitalizado 22 millones de imágenes, de las cuales 17.5 millones ya están disponibles para consulta abierta.",0.0,69,23,09,2024
PREGUNTA,Destacan los 5.7 millones de registros de la Dirección Federal de Seguridad y la Dirección General de Investigaciones Políticas y Sociales. Esta apertura da cumplimiento al mandato presidencial de poner a disposición de todos la documentación relacionada con la guerra sucia.,0.0,41,23,09,2024
PREGUNTA,"El Registro Agrario Nacional es el encargado del Archivo General Agrario que custodia toda la documentación de la propiedad social y la lucha y reivindicación campesina. El neoliberalismo había relegado el archivo al abandono, la marginalidad y la precariedad. Hoy es el segundo acervo documental más importante del país, resguarda más de 45 mil metros lineales de documentación y casi 400 mil planos.",0.0,63,23,09,2024
PREGUNTA,"Y el Centro Histórico de la Ciudad de México se construye su nueva sede, que colocará al RAN como un centro de investigación y divulgación de la historia y la realidad del México agrario, acorde con el Humanismo Mexicano.",0.0,39,23,09,2024
PREGUNTA,"Fue rehabilitado el Archivo Nacional de Arqueología, cuyo fondo, Dirección de Monumentos Prehispánicos, fue inscrito como memoria del mundo por la Unesco, al igual que los acervos de la Fonoteca Nacional. A través de programas y convocatorias de la Secretaría de Cultura, se apoyó con más de 44 millones de pesos a 150 acervos físicos de 20 entidades, que resguardan medio millón de documentos. Se han apoyado también 50 acervos cinematográficos y restaurados filmes emblemáticos.",0.0,75,23,09,2024
PREGUNTA,"La Red Nacional de Bibliotecas Públicas es la infraestructura cultural más grande de México. Son siete mil 476 bibliotecas situadas en el 94 por ciento de los municipios. Fue recuperada del abandono y ha vuelto su vitalidad atendiendo a millones de usuarios. Desde 2019, se han distribuido más de 3.5 millones de libros por toda la red, por primera vez con materiales en 33 lenguas originarias.",0.0,66,23,09,2024
PREGUNTA,"En compra de acervos se han invertido 64 millones de pesos. Antes con una cantidad mucho mayor se compraban millones de revistas de los intelectuales neoliberales, que se quedaban almacenadas en las bodegas. Durante este gobierno se han reabierto 211 bibliotecas que habían cerrado se han creado 38 nuevas. Con el programa Internet para Todos, cuatro mil 486 están conectadas.",0.0,60,23,09,2024
PREGUNTA,La Biblioteca ‘Miguel Lerdo de Tejada’ se recuperó del abandono. Se logró inventariar y sistematizar cuatro colecciones y digitalizar seis millones de imágenes.,0.0,23,23,09,2024
PREGUNTA,"Con la colaboración del INAH y el Inbal, entre otras instituciones, se han realizado intervenciones y mantenimiento preventivo en sitios que no habían recibido atención en años. Mención especial merecen el Palacio de las Bellas Artes, que luego de 90 años recibió atención en su sistema eléctrico, sus cúpulas y el telón; la Catedral Metropolitana, que no contaba con pararrayos y los transformadores se encontraban sobre tanques de diésel; así también la Columna de la Independencia y el Hemiciclo a Juárez, que recibieron importantes obras de mantenimiento.",0.0,87,23,09,2024
PREGUNTA,"El Palacio Nacional, sede de la soberanía del pueblo mexicano, no había recibido tratamiento en 20 años. Fue atendida su fachada principal, la fachada norponiente, los siete portones y la escalera monumental del Patio Central; además, la Campana de Dolores, los tres balcones de la fachada principal, las fuentes Pegaso y La Piña, y las ventanas arqueológicas; fue desmantelada la cubierta de 150 toneladas, construida en 2010 sobre el Patio de Honor, que ocasionaba severos daños a las estructuras y ponía en riesgo al personal y visitantes.",0.0,87,23,09,2024
PREGUNTA,"Una bodega del extinto Estado Mayor Presidencial es ahora la sala ‘Daniel Cabrera y los olvidados’, en honor al periodismo crítico.",0.0,21,23,09,2024
PREGUNTA,"Fue abierta la sala ‘Francisco I. Madero’, donde estuvo preso junto con Pino Suárez.",0.0,14,23,09,2024
PREGUNTA,Se reinauguró el recinto homenaje a don Benito Juárez y luego de 50 años se rehabilitó el recinto parlamentario.,0.0,19,23,09,2024
PREGUNTA,"Además, se renombraron espacios como reconocimiento a personajes históricos, las salas ‘Leona Vicario’, ‘Carmen Serdán’ y ‘Zaragoza’, los salones ‘Cuauhtémoc’, ‘Joaquín Clausell’, ‘Hispanoamericano’, ‘Trabajadores de la salud’ y el jardín ‘Nezahualcóyotl’.",0.0,31,23,09,2024
PREGUNTA,"El patrimonio artístico también ha sido cuidado y conservado como nunca. Destaca la atención a las 17 mil piezas de las colecciones de arte Pago en Especie y Acervo Patrimonial, entre pinturas, esculturas, grabados, fotografías y videos.",0.0,37,23,09,2024
PREGUNTA,"La mejor forma de celebrar el centenario del muralismo en México ha sido la conservación de estas magníficas piezas en todo el país. Destaca la restauración de obras de José Clemente Orozco, Diego Rivera, Desiderio Hernández Xochitiotzin, un Philip Guston, además de los murales de la Secretaría de Educación Pública y los del Palacio de Bellas Artes.",0.0,57,23,09,2024
PREGUNTA,"En Palacio Nacional se realizaron acciones de conservación en murales que no habían sido atendidos en años, entre ellos ‘Epopeya del pueblo mexicano’, de Rivera.",0.0,25,23,09,2024
PREGUNTA,"Hoy en México existe una confianza inédita por el cuidado del patrimonio, esto ha despertado la generosidad de particulares que esperaron hasta que llegara un gobierno honesto y con interés real por la cultura para entregar piezas y obras.",0.0,39,23,09,2024
PREGUNTA,"Gracias a Carlos Pellicer López, se recibió el acervo de Carlos Pellicer Cámara, conformado por dos mil 75 obras de autores como Diego Rivera, el doctor Atl, Joaquín Clausell, Orozco, Velasco, Nahui Olin, Montenegro, Covarrubias o Saturnino Herrán.",0.0,38,23,09,2024
PREGUNTA,Los herederos de Álvar Carrillo Gil y Carmen Tejero devolvieron a la nación 320 piezas arqueológicas.,0.0,16,23,09,2024
PREGUNTA,La artista estadounidense Juleen Compton donó su retrato realizado por Diego Rivera.,0.0,12,23,09,2024
PREGUNTA,"El Museo de la Estampa recibió un conjunto de 250 piezas de artistas como Gustavo Monroy, Carlos García Estrada y Luciano Spano.",0.0,22,23,09,2024
PREGUNTA,"Otras generosas aportaciones son las obras pictóricas legadas por Ramón Xirau y su esposa Ana María Icaza de Xirau, las 126 obras de Adolfo Mexiac y la obra de Mónica Mayer.",0.0,31,23,09,2024
PREGUNTA,"El Museo del Palacio de Bellas Artes recibió en donación la obra mural Xibalbá, de Rina Lazo, primera mujer en incorporarse al discurso pictórico de este recinto.",0.0,27,23,09,2024
PREGUNTA,También se recibió el archivo de Carlos Mérida.,0.0,8,23,09,2024
PREGUNTA,"Se continua con la delicada labor de digitalización y catalogación del acervo personal Mary Joe y Octavio Paz, compuesto por 236 mil piezas, entre manuscritos, postales, obra artística, libros y fotografías.",0.0,31,23,09,2024
PREGUNTA,"En materia de cooperación cultural internacional se han llevado a cabo esfuerzos sin precedente. Por ejemplo, para conmemorar los 100 años de la llegada a México de Gabriela Mistral, la doctora Beatriz Gutiérrez Mueller entregó a Chile un acervo documental y una réplica del mural de Roberto Montenegro, otra réplica se entregó a Argentina, recordando la memoria de la artista Berta Singerman.",0.0,62,23,09,2024
PREGUNTA,"Con el fin de reconstruir nuestra memoria histórica compartida y preservarla, se realizaron acuerdos entre México y países hermanos como Belice, Jamaica, San Vicente y Las Granadinas, República Dominicana y Panamá, además de compartir escáneres especializados, libros y mapas históricos.",0.0,40,23,09,2024
PREGUNTA,Se realizó el Foro de Restitución y Conservación del Patrimonio con la participación de varios países.,0.0,16,23,09,2024
PREGUNTA,"Además, el presidente devolvió a Chile el original de la película El Chacal, de Nahuel Toro, en el 50 aniversario del golpe de Estado contra Allende.",0.0,26,23,09,2024
PREGUNTA,"La defensa del patrimonio también significa la recuperación de los bienes culturales que fueron saqueados durante siglos. Con la iniciativa del presidente y el impulso de la doctora Beatriz Gutiérrez Mueller, el Gobierno de México realiza un esfuerzo extraordinario para recuperar las piezas históricas y arqueológicas que salieron del país de manera ilícita.",0.0,53,23,09,2024
PREGUNTA,"La campaña ‘Mi patrimonio no se vende’ ha despertado la conciencia de gobiernos, coleccionistas, museos y ciudadanos en diferentes ciudades del mundo. Se ha logrado cancelar ventas y el retiro de lotes en galerías y subastadoras internacionales, además de generar numerosas devoluciones voluntarias. Hasta el momento se ha conseguido recuperar 14 mil 48 piezas y el AGN ha asegurado 75 lotes de documentos históricos sustraídos y repatriaron 19 documentos.",0.0,69,23,09,2024
PREGUNTA,"México colocó el tema del tráfico ilícito en la escena mundial, al ser uno de los puntos de la declaratoria final de Mondiacult 2022, reunión histórica en la que participaron 193 países del mundo.",0.0,34,23,09,2024
PREGUNTA,"Otro frente de defensa del patrimonio está en las comunidades indígenas y afrodescendientes. Durante décadas, las creaciones artesanales han sufrido plagios por parte de empresas de moda. De la mano de la comunidad artesanal México alzó una voz para proteger su trabajo, así surgió Original, el movimiento en defensa de la comunidad artesanal más importante del mundo y que ofrece herramientas para su protección, promoción y desarrollo económico. Original ha reunido a más de tres mil artesanos de los 32 estados en su encuentro anual en Los Pinos, la residencia oficial del pueblo de México.",0.0,95,23,09,2024
PREGUNTA,"México es una potencia cultural reconocida en el mundo. Durante este gobierno se lograron las inscripciones de la talavera y el bolero como patrimonio de la humanidad, tres registros de mejores prácticas en patrimonio subacuático, así como la del conjunto conventual franciscano de Nuestra Señora de la Asunción, en Tlaxcala.",0.0,50,23,09,2024
PREGUNTA,El majestuoso Centro SCOP fue declarado monumento artístico y se realiza el rescate y conservación de sus imponentes murales y obras escultóricas.,0.0,22,23,09,2024
PREGUNTA,"Fueron declarados monumentos históricos las zonas de Tihosuco, El Oro, Huichapan y el trazo del ferrocarril Sumidero-Fortín de las Flores; además, como monumentos arqueológicos Cañada de La Virgen, Cobá y Huapalcalco, lo que asegura su protección y conservación.",0.0,38,23,09,2024
PREGUNTA,"Así, con los principios del Humanismo Mexicano, el Gobierno de México reafirma el compromiso con la memoria, el respeto a los pueblos originarios, el orgullo por las raíces y la diversidad cultural. Hoy, por primera vez, se valora nuestra historia y nuestro patrimonio con dignidad.",0.0,45,23,09,2024
PREGUNTA,"Hoy no se niega la memoria; se recupera, se cuida y se difunde, para así entender el pasado, aprender de él y construir un futuro más justo.",0.0,27,23,09,2024
PRESIDENTE ANDRES MANUEL LOPEZ OBRADOR," Bueno, muchas gracias.",0.0,3,23,09,2024
PRESIDENTE ANDRES MANUEL LOPEZ OBRADOR,Todavía tenemos tiempo para contestar preguntas. Empezamos por allá.,0.0,9,23,09,2024
PREGUNTA," Buenos días, presidente; buenos días a todas y a todos.",0.0,10,23,09,2024
PREGUNTA,"Nancy Flores, de la revista Contralínea.",0.0,6,23,09,2024
PREGUNTA,"Presidente, antes de hacerles mis preguntas, quiero despedirme de este ejercicio de libertad de expresión y de derecho a la información, muy importante. Rompió el cerco mediático impuesto por las corporaciones a lo largo de los años.",0.0,37,23,09,2024
PREGUNTA,"Y me parece importante reconocer, en el caso de Contralínea siempre trajimos los temas que investigamos; usted siempre tuvo respuesta a las preguntas que le hicimos de manera agradable, y le reconocemos por ello.",0.0,34,23,09,2024
PREGUNTA,"También decir que el resto de los reporteros, reporteras, también ha venido a externar sus preguntas, en algunos casos también sus críticas y en otros incluso exabruptos, y nunca se tuvo una represalia por ello hacia a los demás; entonces, queda claro que este ejercicio importante ha respetado siempre la libertad de prensa.",0.0,53,23,09,2024
PREGUNTA,"Quienes no se atrevieron jamás a venir a hacer sus preguntas o cuestionamientos, pues queda claro que los que les gusta o los que les parece muy cómodo es estar detrás de los micrófonos y desde ahí lanzar sus temas, algunas veces de desinformación, de infodemia, de posverdad, de mentiras abiertas, directas, y que lo que menos querían era una réplica directa.",0.0,62,23,09,2024
PREGUNTA,"En ese contexto, pues reconocer la importancia de este ejercicio que fue la conferencia matutina, no sólo para la prensa, sino sobre todo para el pueblo de México, y que seguramente desde las ciencias sociales, desde las ciencias de la comunicación, se va a estudiar, por lo que significa haber roto ese cerco mediático, además, en torno a su figura, que ya todo mundo lo conocemos.",0.0,66,23,09,2024
PREGUNTA,"Y ahora sí le hago mis preguntas, presidente. En la revista Contralínea conservamos un archivo, un archivo que se podría decir histórico desde el punto de vista periodístico, y tenemos tres expedientes importantes para la memoria del pueblo de México, hoy que se habla justamente de esta memoria, y tiene que ver con el expresidente Ernesto Zedillo.",0.0,57,23,09,2024
PREGUNTA,"En días pasados, y a propósito de que él mismo alzó la mano al salir de su silencio, pues usted recordaba en conferencias pasadas, presidente, que es el autor del mayor latrocinio que ha vivido nuestro país, que es el Fobaproa. Y también recordaba dos de las masacres que se cometieron en su sexenio: la de Aguas Blancas y la de Acteal. Habría que agregar también las masacres de El Charco y El Bosque, que no se nos olvide también para la memoria.",0.0,83,23,09,2024
PREGUNTA,"Y en ese contexto, decir que este expresidente mintió cuando dijo que tenía que trabajar para mantener a su familia; tiene una pensión vitalicia que le paga el erario de la nación con dinero del pueblo, actualizamos esta información y gana 136 mil pesos mensuales, este mes de septiembre se está embolsando ese dinero, más de un millón de pesos anuales. Y desde esa comodidad de seguir viviendo desde el erario pues mantiene también este tipo de acusaciones ahora.",0.0,79,23,09,2024
PREGUNTA,"En nuestro archivo de la revista Contralíneaen estos tres expedientes quizá también haya otra, digamos, situación grave, y es que se llegó a documentar presuntos nexos de su círculo cercano, familiares, su esposa, sus cuñados y su suegro con el cártel de los Amezcua Contreras, el cártel de Colima, y en otro expediente de su entonces secretario particular, Liébano Sáenz, con el cártel de Amado Carrillo, el cártel de Juárez.",0.0,70,23,09,2024
PREGUNTA,"Estos tres expedientes documentan que de forma indirecta se tuvo esta información, primero fue pinchando los teléfonos del cártel de Los Amezcua Contreras y ahí surgieron conversaciones con este primer círculo familiar de Ernesto Zedillo.",0.0,35,23,09,2024
PREGUNTA,"Y en el segundo caso se estaba investigando a un militar desertor que se había sumado a las filas de Amado Carrillo, y ahí se obtiene una declaración de este militar donde se señala que Liébano Sáenz le había dado dinero a… Más bien, el cártel de Amado Carrillo le había dado dinero a Liébano Sáenz en el periodo de campaña, a pesar de que fue una campaña muy breve la de Ernesto Zedillo.",0.0,74,23,09,2024
PREGUNTA,"Todo esto viene con la importancia del momento para recordar quién fue este personaje, pero sobre todo porque los tres investigadores principales tuvieron represalias: uno de ellos fue asesinado, otro fue exiliado y otro más fue encarcelado de por vida hasta su muerte.",0.0,43,23,09,2024
PREGUNTA,"Entonces, preguntarle, presidente, sobre esta hipocresía de Ernesto Zedillo de al final venir a decirnos que estamos entrando a dictadura y que esto ya no es democracia, y que a él no le convence y no le gusta lo que está pasando en México, por favor.",0.0,46,23,09,2024
PRESIDENTE ANDRES MANUEL LOPEZ OBRADOR," Bueno, yo creo que se debe de comprender que estamos llevando a cabo una transformación, eso fue lo que nos propusimos. Nosotros tenemos la convicción que no se puede enfrentar una decadencia… Que era lo que se padecía en México, no sólo era una crisis económica, de bienestar social, sino era una crisis en todos los ámbitos de la vida pública en lo político, en la pérdida de valores, vivíamos un proceso de degradación, padecimos un proceso de degradación progresivo, una decadencia.",0.0,82,23,09,2024
PRESIDENTE ANDRES MANUEL LOPEZ OBRADOR,"Y para enfrentar ese mal, no había más que llevar a cabo una transformación, una revolución, un cambio de fondo verdadero, pero teníamos que hacerlo, como afortunadamente se ha logrado, de manera pacífica.",0.0,33,23,09,2024
PRESIDENTE ANDRES MANUEL LOPEZ OBRADOR,"Porque las tres transformaciones anteriores que ha habido se tuvieron que hacer con las armas, la Independencia, la Reforma, la Revolución. No lo querían así nuestros héroes, los padres de nuestra patria, pero así se presentaron las circunstancias, no tuvieron otra opción, otra alternativa.",0.0,44,23,09,2024
PRESIDENTE ANDRES MANUEL LOPEZ OBRADOR,"Afortunadamente, nosotros logramos llevar a cabo esta transformación, el inicio de esta transformación, sentar las bases para esta transformación sin violencia; sin embargo, se trata de una transformación profunda, pacífica, pero igual de profunda que la Independencia, que la Reforma, que la Revolución, porque se está arrancando de raíz la corrupción.",0.0,51,23,09,2024
PRESIDENTE ANDRES MANUEL LOPEZ OBRADOR,"Es una transformación radical, en el entendido que la palabra, el término ‘radical’ viene de ‘raíz’; entonces, estamos arrancando de raíz la corrupción, las injusticias, los privilegios, y esto, como es natural, genera, produce, una reacción. De ahí viene también la palabra, el término, el concepto, ‘reaccionario’, porque si se lleva a cabo un proceso de transformación tiene que haber una reacción de los que se beneficiaban del antiguo régimen.",0.0,70,23,09,2024
PRESIDENTE ANDRES MANUEL LOPEZ OBRADOR,"Entonces, lo que viene a hacer Zedillo pues es a enfrentar a quienes estamos impulsando esta transformación, aunque él no tenga autoridad moral; sin embargo, están en su papel.",0.0,29,23,09,2024
PRESIDENTE ANDRES MANUEL LOPEZ OBRADOR,"Siempre ha habido en México una corriente de pensamiento conservadora, no desapareció el conservadurismo ni siquiera después de que se llevó ese acto sublime de justicia, después cómo decía Justo Sierra, ‘acto sublime de justicia’, después del fusilamiento de Maximiliano. Se pensó que ya se alejaba el riesgo de la intervención extranjera, y había triunfado el movimiento liberal y había desaparecido el movimiento conservador; pues no, ahí estaba, y pronto retoñó con el porfiriato, pasó del movimiento liberal a de nuevo un movimiento conservador.",0.0,84,23,09,2024
PRESIDENTE ANDRES MANUEL LOPEZ OBRADOR,"La Revolución tampoco pudo acabar con el conservadurismo; se reinstaló, se restableció.",0.0,12,23,09,2024
PRESIDENTE ANDRES MANUEL LOPEZ OBRADOR,"Y en el periodo neoliberal o neoporfirista, pues desde luego que se volvió a implantar con mucha fuerza. Entonces, nos ha tocado a millones de mexicanos, hartos de la humillación y del saqueo de los bienes nacionales, nos ha tocado llevar a cabo esta transformación, y por eso hay una reacción conservadora. Y los conservadores, puede parecer simplista, pero para entenderlo mejor y no andarse por las ramas, tienen, cuando menos, tres características:",0.0,73,23,09,2024
PRESIDENTE ANDRES MANUEL LOPEZ OBRADOR,"La primera es que son muy hipócritas. Recordando a Carlos Monsiváis, que decía, me comentó en una ocasión: ‘La derecha sólo tiene como doctrina la hipocresía’, o ‘la verdadera doctrina de la derecha es la hipocresía’. Esa es una característica.",0.0,40,23,09,2024
PRESIDENTE ANDRES MANUEL LOPEZ OBRADOR,"La segunda característica del conservadurismo es que les gusta mucho el dinero. Como lo dijo el cura Hidalgo en su momento cuando lo estaban excomulgando, ‘el único dios de ustedes, los oligarcas, es el dinero’. Son muy corruptos. Todo esto explica el porqué del enojo conservador.",0.0,46,23,09,2024
PRESIDENTE ANDRES MANUEL LOPEZ OBRADOR,"Y lo tercero es que son muy autoritarios los conservadores, fachos; sin embargo, a los conservadores de México… Porque así es el conservadurismo en todo el mundo. Nosotros tenemos la ventaja que, como se les ha enfrentado durante varios periodos de nuestra historia, pues tenemos un pueblo muy progresista, porque tenemos una historia fecunda en cuanto a la defensa de la libertad, de la justicia, de la igualdad, de la independencia, de la soberanía.",0.0,74,23,09,2024
PRESIDENTE ANDRES MANUEL LOPEZ OBRADOR,"Una de las cosas que debemos seguir impulsando, difundiendo, es todo lo relacionado con la grandeza cultural de México. Lo que yo llamo Humanismo Mexicano tiene dos pies:",0.0,28,23,09,2024
PRESIDENTE ANDRES MANUEL LOPEZ OBRADOR,"Es la herencia cultural que heredamos del México prehispánico, de las grandes civilizaciones que florecieron en nuestro territorio y que fueron civilizaciones negadas, hasta la fecha. Ahora que me voy al retiro, que me voy a jubilar, voy a trabajar sobre eso, tengo la hipótesis de que lo mejor del mexicano de hoy lo heredamos el México prehispánicos. No quiere decir que no llegó cultura y civilización —si se quiere usar el concepto— de Europa, pero la influencia mayor la obtuvimos del México prehispánico. Lo más bueno, los elementos más buenos, los principios más buenos: la vocación de trabajo viene de ahí, del México prehispánico, contrario a lo que plantearon siempre los invasores y lo que quisieron hacernos creer, humillarnos, sobajarnos, ningunearnos, hasta llegar a negarnos a nosotros mismos, una desgracia.",0.0,131,23,09,2024
PRESIDENTE ANDRES MANUEL LOPEZ OBRADOR,"Entonces, del México profundo, como decía el maestro Bonfil, heredamos la vocación del trabajo, heredamos la ayuda mutua, la solidaridad, el tequio, la mano, la fraternidad, el trabajo colectivo.",0.0,29,23,09,2024
PRESIDENTE ANDRES MANUEL LOPEZ OBRADOR,"En la época prehispánica no había propiedad privada, la tierra era comunal, no había trabajo asalariado, y no había algo que nos trajeron: la ambición al dinero, la avaricia. Por eso se extrañaban los pueblos originarios cuando ansiosos les pedían que les dijeran dónde estaba el oro, porque tenían esa enfermedad que decían que sólo se curaba con el oro.",0.0,60,23,09,2024
PRESIDENTE ANDRES MANUEL LOPEZ OBRADOR,"Bueno, nos dejaron nuestros antepasados valores culturales, morales, espirituales, y eso es lo que nos ha salvado y por eso enfrentamos calamidades, temblores, inundaciones, pandemias, malos gobiernos, y México está de pie, siempre se levanta nuestro país.",0.0,37,23,09,2024
PRESIDENTE ANDRES MANUEL LOPEZ OBRADOR,"Y lo otro es la historia excepcional. Con todo respeto, ¿dónde están los Hidalgos en otros países? Porque Hidalgo no sólo lucha por la independencia, lucha por la justicia, es el primero en proclamar la abolición de la esclavitud; y paga caro el enfrentarse a los potentados, lo asesinan, le cortan la cabeza y en escarmiento exhiben la cabeza de Hidalgo 10 años en la plaza principal de Guanajuato. De todo esto hablamos aquí en las mañaneras porque no se hablaba mucho de esto.",0.0,84,23,09,2024
PRESIDENTE ANDRES MANUEL LOPEZ OBRADOR,"Y Morelos, imagínense, gran estadista. Nada más con cumplir los Sentimientos de la nación, de Morelos, estaríamos haciendo un buen gobierno, se lleva a cabo un buen gobierno. Ese es un manual de humanismo y buen gobierno. Que se modere la indigencia y la opulencia, que se eleve el salario del peón, que se eduque al hijo del campesino igual que al hijo del más rico hacendado, que haya tribunales que protejan al débil de los abusos que comete el fuerte. Eso es Morelos.",0.0,84,23,09,2024
PRESIDENTE ANDRES MANUEL LOPEZ OBRADOR,"Vamos a recordar al maestro Pellicer. ¿Por qué no pones…? Creo que es en el poema de Cananea, o algo de Morelos, ¿Quieren saber qué es Morelos? A lo mejor lo encontramos.",0.0,32,23,09,2024
PRESIDENTE ANDRES MANUEL LOPEZ OBRADOR,"Miren, mañana o pasado, antes de terminar esta semana, le vamos a hacer un homenaje a este equipo, porque siempre responden; no es fácil.",0.0,24,23,09,2024
PRESIDENTE ANDRES MANUEL LOPEZ OBRADOR,Nada más un fragmento. Miren lo que decía el maestro de… A ver si está. ¿A dónde está? Ah.,0.0,19,23,09,2024
PRESIDENTE ANDRES MANUEL LOPEZ OBRADOR,"‘Imaginad una espada en medio de un jardín, eso es Morelos.",0.0,11,23,09,2024
PRESIDENTE ANDRES MANUEL LOPEZ OBRADOR,"‘Imaginad una pedrada sobre la alfombra de una triste fiesta, eso es Morelos.",0.0,13,23,09,2024
PRESIDENTE ANDRES MANUEL LOPEZ OBRADOR,"‘Imaginad una llamarada en almacén logrado por avaricia y robo, eso es Morelos.’",0.0,13,23,09,2024
PRESIDENTE ANDRES MANUEL LOPEZ OBRADOR,"Los Juárez, ¿dónde?",0.0,3,23,09,2024
PRESIDENTE ANDRES MANUEL LOPEZ OBRADOR,"Ayer, como aquí se mencionó, inauguramos el Museo de las Leyes de Reforma, porque Veracruz es la historia de México, no se podría escribir la historia de México sin Veracruz, como tampoco se pudiera escribir la historia de México sin Guerrero, sin Michoacán, también sin tomar en cuenta otros estados. Pero el caso de Veracruz, pues ahí se consuma la independencia, en 1825, porque en el 21 formalmente se proclama la independencia, es la entrada de Iturbide aquí a la ciudad. Pero los españoles no querían irse y se atrincheraron en San Juan de Ulúa. Y un comandante, Pedro Sáenz de Baranda, con marinos, los expulsan.",0.0,106,23,09,2024
PRESIDENTE ANDRES MANUEL LOPEZ OBRADOR,"En Veracruz se enfrenta la intervención francesa, dos intervenciones estadounidenses, no sólo la de 1847, sino la heroica defensa del puerto de Veracruz de 1914.",0.0,25,23,09,2024
PRESIDENTE ANDRES MANUEL LOPEZ OBRADOR,"Sin embargo, no había nada sobre Juárez y sobre las Leyes de Reforma, y ahí se proclamaron las Leyes de Reforma, todo un acontecimiento histórico porque ahí se establece el Estado laico, eso no se advierte, no sucede en otros países del mundo.",0.0,43,23,09,2024
PRESIDENTE ANDRES MANUEL LOPEZ OBRADOR,"Y también es importante aclarar que el laicismo significa… Y eso fue lo que también habían resuelto los legisladores, los constituyentes de 1857. La polémica era una religión única, porque se decía: ‘El pueblo tiene una sola religión, para qué se afecta la unidad del pueblo’, y el planteamiento de los liberales es: ‘No puede haber una religión única, que cada ciudadano sea libre de tener la religión que más se ajuste a su manera de ser y de pensar’. Y eso es el laicismo, la libertad de creencia, la libertad de tener cualquier religión y también de no tener ninguna, de ser creyente o no creyente. Eso es el Estado laico, pero en el mundo eso hasta la fecha no se aplica.",0.0,123,23,09,2024
PRESIDENTE ANDRES MANUEL LOPEZ OBRADOR,"Y hay que también entender, porque, en efecto, la mayoría de los mexicanos hasta la fecha, en ese entonces más eran católicos; y Juárez y los liberales emprenden el movimiento de Reforma contra el clero, no contra la religión. Juárez era anticlerical, no antirreligioso.",0.0,44,23,09,2024
PRESIDENTE ANDRES MANUEL LOPEZ OBRADOR,"Ignacio Ramírez, que era un liberal radical, llegó a decir, aun cuando lo excomulgaron, llegó a decir: ‘Yo me hinco donde se hinca el pueblo’, porque tenían esas características, eran respetuosos de las creencias del pueblo.",0.0,36,23,09,2024
PRESIDENTE ANDRES MANUEL LOPEZ OBRADOR,"Entonces, nosotros tenemos pues esa dicha, de que hemos estado siempre a la vanguardia de las transformaciones en el mundo. La primer revolución social del siglo XX es la Revolución mexicana, la primera Constitución que garantiza los derechos sociales es la Constitución de 1917, antes que triunfara la Revolución rusa ya aquí se había llevado a cabo la revolución, y se garantizó el derecho de los campesinos a la tierra, el derecho de los trabajadores a jornadas justas, a salarios también justos, a prestaciones, al descanso obligatorio, que no había en la época de Porfirio Díaz, era trabajar 16 horas diarias sin día de descanso, se tenía que trabajar los domingos, y nada de vacaciones, reparto de utilidades, nada de eso. Todo se lo debemos al movimiento revolucionario.",0.0,128,23,09,2024
PRESIDENTE ANDRES MANUEL LOPEZ OBRADOR,"Entonces, nosotros tenemos esa historia y tenemos por eso que agradecer a nuestros antepasados. Y eso también nos permite enfrentar a los conservadores, nos da facilidad.",0.0,26,23,09,2024
PRESIDENTE ANDRES MANUEL LOPEZ OBRADOR,"Pongamos el ejemplo de Colombia, nuestros hermanos colombianos, que los queremos tanto y nos queremos tanto, ellos nunca han tenido, hasta ahora, un gobierno progresista, nunca en la historia, siempre gobiernos conservadores. El general Melo, pues indígena, secretario de Simón Bolívar, tuvo que salir expulsado de Colombia, y llegó a Chiapas y se incorporó al movimiento liberal del presidente Juárez. Pero nada más eso. Y siempre conservadores. En el caso nuestro, no: Juárez, el mejor presidente de México; Madero, Apóstol de la Democracia; el general Cárdenas.",0.0,86,23,09,2024
PRESIDENTE ANDRES MANUEL LOPEZ OBRADOR,"Entonces, por eso entiendo que les cuesta mucho a los conservadores de hoy enfrentar nuestro movimiento y por eso resistimos. Y, repito, les agradecemos porque no pasan de insultos, de guerra sucias, de campañas de desprestigio, ‘AMLO presidente narco’, en sociedad, con gobiernos extranjeros, las agencias de esos gobiernos, que son muy dados a intervenir en la vida de los pueblos independientes, porque es una mala costumbre, que ojalá y se les vaya quitando poco a poco.",0.0,77,23,09,2024
PRESIDENTE ANDRES MANUEL LOPEZ OBRADOR,"La prensa también, no solo la nacional, los medios nacionales, los extranjeros, los famosos, el New York Times, el Washington Post, el Wall Street Journal, ¿no?, Financial Times; periodistas que les dan, yo digo, el premio nobel de periodismo, el Pulitzer. Uno que nos calumnió, famosísimo, Tim Golden, dos veces le dieron el Pulitzer, dos veces.",0.0,56,23,09,2024
PRESIDENTE ANDRES MANUEL LOPEZ OBRADOR,"Pero no pasa de ahí. Ayer me tiraron una botella de agua y… Pues es que yo empecé jugando béisbol, era fielder, imagínense si no sé. Si hasta la pude haber agarrado y… Pero no pasó a mayores.",0.0,38,23,09,2024
PRESIDENTE ANDRES MANUEL LOPEZ OBRADOR,"Entiendo que están enojados, están molestos. Por esto mismo ellos quisieran que no cambiara nada. Conservadurismo viene precisamente de conservar, de mantener el status quo, pero eso ya no se puede; entonces, ahí se les va a ir pasando el enojo.",0.0,41,23,09,2024
PRESIDENTE ANDRES MANUEL LOPEZ OBRADOR,"Nosotros también… Esa es otra que les molesta mucho, porque quisieran, los que se equivocaron y no quieren aceptar su error —aunque es de sabios cambiar de opinión, no quieren rectificar, se quedan en la autocomplacencia—, quisieran decir o poder gritar a los cuatro vientos que somos iguales.",0.0,48,23,09,2024
PRESIDENTE ANDRES MANUEL LOPEZ OBRADOR,"Una cosa que les molesta mucho es que no haya corrupción, que les pueda yo sacar el pañuelito blanco de que no hay corrupción, eso les molesta mucho, cuando ellos se dedicaban a saquear. El periodo neoliberal es el periodo de más saqueo en la historia de México, ni siquiera se compara con los tres siglos de saqueo colonial; con todo el oro y la plata que se llevaron a Europa, no se compara lo que significó el saqueo de México en los 34 años del periodo neoliberal, de 1983 al 2018. Y pueden hacer el análisis, cuánto oro se llevaron en tres siglos y cuánto oro se extrajo del subsuelo de México en los 34 años del periodo neoliberal, y no hay comparación, fue muchísimo mayor, pero considerablemente mayor el saqueo en oro, en plata y en todo, porque transfirieron los bienes de la nación a particulares, es lo que se conoce como la privatización, que, de acuerdo al Diccionario de la lengua, es convertir lo público en privado, y eso fue lo que se aplicó como política. Entonces, les molesta mucho el que no haya corrupción.",0.0,188,23,09,2024
PRESIDENTE ANDRES MANUEL LOPEZ OBRADOR,"Y otra cosa que les molesta mucho es que no haya represión. Por ejemplo, al que tiró la botella ayer, ese puede estar tranquilo, no pasa nada.",0.0,27,23,09,2024
PREGUNTA," ¿No lo considera una agresión, presidente?",0.0,6,23,09,2024
PRESIDENTE ANDRES MANUEL LOPEZ OBRADOR," No, no, no, es que no pasa a mayores. Y yo también pido que actuemos con mucho respeto; que los que están participando en la transformación del país, que somos millones, pues que actuemos con respeto, con tolerancia.",0.0,38,23,09,2024
PRESIDENTE ANDRES MANUEL LOPEZ OBRADOR,"Es que imagínense la felicidad que causa el que estamos terminando, se redujo la pobreza, se redujo la desigualad y se pudo probar lo que decía el presidente Juárez, y se va a seguir dejando de manifiesto, que ‘el triunfo —decía Juárez— de la reacción es moralmente imposible’.",0.0,48,23,09,2024
PRESIDENTE ANDRES MANUEL LOPEZ OBRADOR,"Entonces, por eso hay que actuar con mucha prudencia, no caer en ninguna provocación. Ahí andan, en estos días más, provocando, tanto los extremos del conservadurismo y la supuesta izquierda radical, pero no, no, no, tenemos que terminar sin masacres, sin desaparición de nadie, sin tortura, sin perseguir a ningún periodista, sin censura, se puede.",0.0,55,23,09,2024
PRESIDENTE ANDRES MANUEL LOPEZ OBRADOR,"Y lo hemos logrado entre todos, y aquí incluyo a los conservadores, entre todos, y es en beneficio de todos, porque este es otro México. Baste nada más dar a conocer lo que informó la OCDE, de que los niños de México son los más felices de todos los países miembros de esta organización económica. A ver si está por ahí. Los que están enojados, la verdad, la verdad, no son muchos. Miren esto.",0.0,74,23,09,2024
PRESIDENTE ANDRES MANUEL LOPEZ OBRADOR,"Entonces, así, Nancy. Sólo falta que venga Salinas, pero ya no le va a dar tiempo.",0.0,16,23,09,2024
PREGUNTA," Y, presidente, también reciclaron a otro personaje, Genaro García Luna, quien sí estuvo involucrado en masacres, desapariciones forzadas y muchos actos de represión. Aquí preguntarle, presidente, si tienen algún avance de las investigaciones, porque hay que recordar que en México no sólo se le investiga por su vínculo con el cártel de Sinaloa, que eso ya está probado en el juicio que le siguió en Estados Unidos y ahora solamente espera la sentencia, sino que en México las investigaciones incluso abarcaron muchas cosas más, este saqueo al erario de la nación por más de 700 millones de dólares que hizo de dependencias que estaban, digamos, vinculadas tanto a la Secretaría de Gobernación como a la propia Secretaría de Seguridad Pública que él dirigía, pero no sólo en el gobierno de Calderón, sino que siguió ocurriendo este saqueo en el sexenio de Enrique Peña Nieto.",0.0,144,23,09,2024
PREGUNTA,"Y quizá se olvide, pero en la memoria colectiva hay que siempre recuperar estos datos, porque esto se conecta con el pacto de silencio que se firmó en 2011 con las corporaciones mediáticas para que no se diera a conocer aquellas masacres que ocurrían en nuestro país y se dijo que no se haría apología del delito, del crimen organizado, pero en realidad lo que sirvió fue para ocultar esta criminalidad de Genaro García Luna; algo que no sorprende, porque así es la prensa históricamente en el 68, en el 71, aquí se habló de la guerra sucia, pues ahí la prensa corporativa se decían soldados del PRI, después fueron soldados del PAN y llegaron hasta este exceso de firmar el pacto de silencio en el sexenio de Felipe Calderón.",0.0,130,23,09,2024
PREGUNTA,"Entonces, preguntarle, presidente, si hay algún avance en esas investigaciones. Nosotros tenemos incluso un seguimiento de cómo había corporaciones mediáticas vinculadas con negocios a García Luna, lo mismo que periodistas, entre comillas, y también exdirectivos del Cisen metidos en todo este esquema de corrupción de Genaro García Luna.",0.0,48,23,09,2024
PREGUNTA,"Gracias, presidente.",0.0,2,23,09,2024
PRESIDENTE ANDRES MANUEL LOPEZ OBRADOR," Pues puede ser que nos alcance el tiempo. Un día, muy breve, que venga, invitamos a Pablo Gómez, que nos diga cómo van a investigación sobre el fraude y el juicio que se tiene en Florida sobre corrupción, a ver cómo vamos, si te parece.",0.0,45,23,09,2024
PRESIDENTE ANDRES MANUEL LOPEZ OBRADOR,Adelante.,0.0,1,23,09,2024
PREGUNTA," Muy buenos días, presidente.",0.0,4,23,09,2024
PREGUNTA,"Miguel Arzate, del Sistema Público de Radiodifusión del Estado Mexicano, Canal 14,y Altavoz Radio.",0.0,14,23,09,2024
PREGUNTA,Presidente preguntarle precisamente de lo que estaba hablando hace un momento. Este fin de semana tuvo actividades propias del rescate de la memoria de la historia de nuestro país en Oaxaca y Veracruz. Cuando se inauguró este Centro Cultural en Veracruz ocurrió este incidente con supuestos manifestantes del Poder Judicial.,0.0,50,23,09,2024
PREGUNTA,"Presidente preguntarle a detalle qué fue que lo que sucedió, porque algunos medos de comunicación la nota que están dando no es el rescate de la memoria histórica, si no el incidente, presidente. Y, bueno, acaba de manifestarnos que puede estar tranquila la persona que lanzó la botella, pero sí comentarle que existe molestia entre muchas personas, porque la persona que lanzó la botella no a agredió a Andrés Manuel López Obrador, agredió al presidente de México. En otros países ha sucedió que ha lanzado objetos, zapatos, y las personas pues son sancionadas, son recluidas. Y ha manifestado que usted no está por la represión, por el castigo. Pero preguntarle qué fue lo que sucedió en ese incidente, presidente, y la lectura que da a que lo medios de comunicación están magnificando el incidente y no esta actividad cultural, el rescate de la memoria que usted tuvo tanto en Oaxaca como en Veracruz.",0.0,153,23,09,2024
PRESIDENTE ANDRES MANUEL LOPEZ OBRADOR," Bueno, pero eso ha sido la regla en todo el sexenio. La mayoría de los medios, como también están enojados, porque la mayoría de los periódicos, de las estaciones de radio, de los canales de televisión están muy controlados, están al servicio del poder económico, de los potentados, de los que se beneficiaban con la corrupción que imperaba en el periodo neoliberal, entonces como ahora ya no reciben esos privilegios pues están muy molestos, ya lo hemos dicho muchas veces.",0.0,80,23,09,2024
PRESIDENTE ANDRES MANUEL LOPEZ OBRADOR,"No se trata de estaciones de radio, de canales de televisión, de periódicos, que se dediquen a informar. Esa, aunque parezca una contradicción, una paradoja, no era o no es el propósito de esos medios, eso es lo que les ayuda a hacer negocios, porque el periodismo en sí, no es negocio o no es negocio lucrativo; les ayuda el tener el periódico, el tener las cadenas de radio, los canales de televisión porque, aparte de eso, tienen bancos, tienen empresas, se dedican a otras actividades, y el gobierno era su cliente principal, y podían obtener contratos jugosísimos, contratos leoninos, muy buenos para ellos y sus empresas, y muy malos para la hacienda pública y para el pueblo.",0.0,118,23,09,2024
PRESIDENTE ANDRES MANUEL LOPEZ OBRADOR,"Entonces, como ya no hay esos privilegios, pues entonces empezaron al cuestionar, lo que nunca había pasado yo creo que desde la época de Madero, nunca habían cuestionado tanto a un presidente, y le empezaron a subir el volumen, y pensando que los iba yo a buscar y les iba yo a pedir que le bajaran, nada más que eso iba a significar utilizar dinero del presupuesto, que prefiero que se use en beneficio del pueblo, porque ese presupuesto es dinero del pueblo; prefiero que se use en pensiones a los adultos mayores, en becas para estudiantes de familias pobres, y aguantar, resistir.",0.0,103,23,09,2024
PRESIDENTE ANDRES MANUEL LOPEZ OBRADOR,"Y le fueron subiendo más y más y más el volumen, nada más que se olvidan —porque también son muy clasistas y para ellos el pueblo no existe, y piensan que el pueblo es tonto, cuando tonto es el que piensa que el pueblo es tonto— se les olvidó que íbamos a contar con el apoyo de la gente y que, además, es un pueblo, el pueblo mexicano, nuestro pueblo, muy inteligente, sabio.",0.0,73,23,09,2024
PRESIDENTE ANDRES MANUEL LOPEZ OBRADOR,"Esto a los intelectuales orgánicos los enoja también muchísimo. Sheridan dedicó todo un artículo a decir de que no estaba de acuerdo porque… Ya a ese ya no lo repito, pero una barbaridad. Porque también esos son adversarios nuestros, toda la intelectualidad orgánica, los intelectuales del régimen, que jugaban un papel importante, y también por corrupción.",0.0,56,23,09,2024
PRESIDENTE ANDRES MANUEL LOPEZ OBRADOR,"Por ejemplo, ayer lo que me gritaban los del Poder Judicial que están en contra de la reforma era: ‘¡Dictador! ‘¡Dictador! ‘¡Dictador!’ Pues es lo que sostiene Aguilar Camín y Krauze, además, sin rigor intelectual, con mucha deshonestidad, porque ¿dictador de qué?",0.0,42,23,09,2024
PRESIDENTE ANDRES MANUEL LOPEZ OBRADOR,"¿No Krauze llegó a poner en su página, en su Twitter, de que después de 200 años de República iba a iniciar una monarquía en México? Yo no sé cómo engañó tanto durante tanto tiempo. Claro, es muy bueno para el negocio editorial, es buen empresario.",0.0,46,23,09,2024
PRESIDENTE ANDRES MANUEL LOPEZ OBRADOR,"Los ingenieros —con todo respeto, muy pocos, ¿eh?—, los ingenieros son muy buenos para hacer carreteras, los ingenieros mexicanos son un ejemplo, los ingenieros civiles por hacer grandes puentes y todo, pero para la historia… No sé, Pedro, pero, el único ingeniero que conozco, historiador bueno, inteligente, por cierto, conservador, un energúmeno, Francisco Bulnes, el único que conozco, así de buen nivel, que puede uno no estar de acuerdo con él, claro que no está uno de acuerdo.",0.0,78,23,09,2024
PRESIDENTE ANDRES MANUEL LOPEZ OBRADOR,"Escribió un libro que se llamaba El verdadero Juárez, que hizo historia; y luego escribió otro, El verdadero Díaz, que también, a pesar de haber estado en el régimen de Porfirio Díaz, también lo cuestiona fuerte, fuerte, fuerte, es un libro muy bueno para la investigación porque está hecho por un porfirista, entonces todo lo que dice ahí es muy cercano a la realidad.",0.0,64,23,09,2024
PRESIDENTE ANDRES MANUEL LOPEZ OBRADOR,"Entonces, se enojan mucho por eso; hay razón. Aquí se habló de cómo la revista Letras Libres la compraba el gobierno, tenía una suscripción de creo que seis, ocho mil ejemplares, o sea, toda la compraba el gobierno.",0.0,38,23,09,2024
PRESIDENTE ANDRES MANUEL LOPEZ OBRADOR,"Nexos, la revista de Aguilar Camín, que es el otro grupo que tenía muchísimas influencias, también la compraba el gobierno. Pero estaban metidos en todos los negocios del gobierno.",0.0,29,23,09,2024
PRESIDENTE ANDRES MANUEL LOPEZ OBRADOR,"Entonces, esa idea, ¿no?, de que es una dictadura viene de ahí y por eso los trabajadores del Poder Judicial… También engañados, porque la reforma al Poder Judicial tiene que ver con la elección de los jueces, de magistrados, de ministros, no afecta en nada a los trabajadores del Poder Judicial, nada más que como también los jueces tienen familiares… Porque una de las características o uno de los vicios en el Poder Judicial es que la mitad de los que trabajan en el Poder Judicial, que son como 40, 50 mil, son familia, o sea, hay un gran nepotismo, porque fue un poder que se le dejó a la derecha, al conservadurismo, para poder hacer el acuerdo PRI-PAN en la época de Salinas.",0.0,124,23,09,2024
PRESIDENTE ANDRES MANUEL LOPEZ OBRADOR,"Acuérdense que precisamente Zedillo nombró como procurador de justicia a Lozano Gracia, que era del PAN, y así les entregó Zedillo y los otros presidentes les entregaron el Poder Judicial.",0.0,30,23,09,2024
PRESIDENTE ANDRES MANUEL LOPEZ OBRADOR,"Y hablan, por ejemplo, de la independencia del Poder Judicial. ¿Cuándo ha habido independencia del Poder Judicial? Pues casi nunca, nunca. Y eso lo debería de saber cualquier historiador, porque con Porfirio Díaz se respetaba la Constitución en la forma y se violaba en el fondo, porque él nombraba a los ministros; claro, había hasta elecciones, pero de antemano se sabía quién iba a ser juez o magistrado, y de antemano se sabía quién iba a ser diputado, quien ser senador.",0.0,81,23,09,2024
PRESIDENTE ANDRES MANUEL LOPEZ OBRADOR,"Pero así fue después de la Revolución, el presidente era el que mandaba. Había —todavía hasta ahora, que llegué— teléfono rojo para dar instrucciones al presidente de la Suprema Corte. Cuando me desaforaron se pusieron de acuerdo Fox y el presidente de la corte y todos los ministros. Y siempre fue un poder subordinado.",0.0,54,23,09,2024
PRESIDENTE ANDRES MANUEL LOPEZ OBRADOR,¿Por qué no les gusta ahora la reforma fiscal?,0.0,9,23,09,2024
PRESIDENTE ANDRES MANUEL LOPEZ OBRADOR,"Porque estaba subordinado antes al presidente y subordinado al poder económico. Imaginen un personaje económicamente muy poderoso de México, o dos o tres. Bueno, esos personajes tenían de empleados a ministros de la corte o tienen de empleados a ministros de la corte.",0.0,43,23,09,2024
PRESIDENTE ANDRES MANUEL LOPEZ OBRADOR,"Entonces, todo el Poder Judicial, jueces, magistrados, ministros, echado a perder, por eso los ‘sabadazos’. ¿Cómo imaginan ustedes, por qué razón, si liberan a 100 presuntos delincuentes, 30 los liberan de lunes a jueves, y 70 los liberan de viernes a domingo? No estamos hablando de cualquier preso, estamos hablando de delincuentes de mucho riesgo, con mucho poder, vinculado a las organizaciones del narcotráfico y delincuentes de cuello blanco.",0.0,69,23,09,2024
PRESIDENTE ANDRES MANUEL LOPEZ OBRADOR,"Entonces, con honrosas excepciones… Porque, también, como en todo. Hablamos de los medios de comunicación, pues no son todos, la mayoría de los que vienen aquí —no la mayoría; todos— son periodistas profesionales, que no ganan lo que obtiene un comentarista de radio famoso, que puede llegar a ganar cinco millones de pesos mensuales. Lo mismo en el Poder Judicial, hay oficinistas que ganan 15, 20 mil pesos, sí, nada más que un ministro gana 700 mil pesos mensuales, o sea, hay bastante diferencia.",0.0,84,23,09,2024
PRESIDENTE ANDRES MANUEL LOPEZ OBRADOR,"Entonces, ese es el momento que estamos viviendo.",0.0,8,23,09,2024
PRESIDENTE ANDRES MANUEL LOPEZ OBRADOR,"Y yo soy partidario de que no haya castigo. Además, ya falta muy poco, yo ya termino.",0.0,17,23,09,2024
PRESIDENTE ANDRES MANUEL LOPEZ OBRADOR,"Yo tengo que agradecerles a todos, porque la mayoría de la gente se ha portado muy bien, ahorita hay muestras de afecto, de cariño, y saben que es recíproco, amor con amor se paga, y pues yo estoy muy agradecido.",0.0,40,23,09,2024
PRESIDENTE ANDRES MANUEL LOPEZ OBRADOR,"Y también siempre he sostenido que, cuando se lucha por una causa justa, cuando se lucha por una transformación, uno tiene que estar dispuesto a pagar cuotas de humillación. Aquí me llevaría mucho tiempo decirles cuántas cosas recibí, cuántas agresiones recibí durante todo el tiempo, y algunas no sólo macanazos, ¿no?, sino muy humillantes.",0.0,54,23,09,2024
PRESIDENTE ANDRES MANUEL LOPEZ OBRADOR,"No se me va a olvidar cuando fui con el finado Arnaldo Córdova y con el finado Agustín Ortiz Pinchetti y con Lorenzo Meyer a una conferencia en Mérida, estábamos ahí y llegan unas mujeres, compañeras mestizas, con su morral lleno de huevos. Entonces, una gente adelante. Gobernaba el finado Cervera Pacheco, Víctor Cervera. Y ahí el que va a adelante —porque no me conocían, a ellas las llevaron a eso— me señala, y se empiezan a sacar huevos y me ponen… Lo menos, pues ahí está, ¿no?, la memoria. Que, por cierto, estos archivos de las televisoras también hay que procurar un convenio de colaboración, que se guarden, que se conserven.",0.0,112,23,09,2024
PRESIDENTE ANDRES MANUEL LOPEZ OBRADOR,"Como dos semanas, 15 días, en Televisapasando la escena. Pues yo iba después a otro acto, me tuve que ir al hotel a bañar, a cambiarme de ropa, y ya irme al otro acto. Pero imagínense el despliegue, ¿no?, en todos los medios. Pero son las cuotas de humillación. Eso se resiste cuando tiene uno una causa superior, como la que hemos enarbolado y llevado a la práctica a millones de mexicanos.",0.0,72,23,09,2024
PRESIDENTE ANDRES MANUEL LOPEZ OBRADOR,"Entonces, también es, esto lo digo por los simpatizantes nuestros, que no se enojen, o sea, es que sonrían, ya ganamos.",0.0,21,23,09,2024
PREGUNTA," Presidente, precisamente uno de los empresarios que tiene medios de comunicación, bancos y otros negocios, es Ricardo Benjamín Salinas Pliego, que tiene su televisora",0.0,24,23,09,2024
PREGUNTA,"Breve paréntesis: curiosamente en su Grito de Independencia, su último Grito de Independencia, hubo muchas muestras de afecto, se escuchaba: ‘Gracias, presidente’, ‘no te vayas’. En muchos medios de comunicación de televisión abierta y radio no se consignó que hubo esas muestras de afecto hacia su persona, pero sí se está consignando en este momento, que le lanzaron una botella.",0.0,60,23,09,2024
PREGUNTA,"Pero, bueno, regresando al empresario Salinas Pliego, este año el Sistema de Atención Tributaria dio a conocer que adeudan sus empresas, Grupo Salinas, 63 mil millones de pesos. Uno de estos expedientes, alguno de esa cantidad de dinero está en la Suprema Corte, hablando del Poder Judicial, de los empresarios que están consignando una parte de lo que sucede y otra parte no. Esa cantidad de impuestos, hay estos dos expedientes en la Suprema Corte, usted insistió que buscaba que los ministros le dieran salida a estos expedientes, que han estado en la Suprema Corte, han estado en las mesas de otros jueces, y regresa, se está dilatando el pago de esos impuestos.",0.0,113,23,09,2024
PREGUNTA,"Presidente, ¿usted ve que en los días que quedan de su administración la Suprema Corte pueda dar salida al pago de impuestos de Ricardo Benjamín Salinas Pliego?, ¿o qué pasará?",0.0,30,23,09,2024
PRESIDENTE ANDRES MANUEL LOPEZ OBRADOR," Bueno, ahí aclaro: primero, se habla de 50, de 60 mil millones, pero no está demostrado, es lo que se va a revisar, pero no es que se deba de impuestos esa cantidad, lo que está ya por resolverse son estos dos expedientes, uno de dos mil 500 millones de pesos y otro de alrededor de 25 mil millones, se piensa que con los intereses y otros añadidos va a llegar como a 35 mil millones, los dos. Tengo información que ya se enlistaron, pero para la semana que viene, ya no voy a estar, ya se enlistaron y ahí la autoridad, en este caso la Suprema Corte, va a resolver.",0.0,111,23,09,2024
PRESIDENTE ANDRES MANUEL LOPEZ OBRADOR,"No puede resolver en el fondo porque ya se demostró que se debe ese dinero. Se acudió a la Suprema Corte, yo pienso que, para insistir en la defensa, como tienen derecho todos los grandes contribuyentes y todos los que aportan sus contribuciones, cualquier ciudadano acude a todas las instancias; sin embargo, ya la Corte no es competente, ya lo que tiene que hacer la corte… Porque ya el expediente pasó por la corte y ya pasó por los tribunales, ya casi es cosa juzgada, ya no le compete a la corte, porque no es un problema de constitucionalidad.",0.0,99,23,09,2024
PRESIDENTE ANDRES MANUEL LOPEZ OBRADOR,"La corte en sentido estricto no debió darle entrada al recurso; lo hicieron y lo asignaron indebidamente, ilegalmente a un ministro, una ministra, pero lo que procede es decir: ‘No tenemos competencia, es cosa juzgada’.",0.0,35,23,09,2024
PRESIDENTE ANDRES MANUEL LOPEZ OBRADOR,"Quién sabe cómo vaya a terminar. Yo para entonces, pues ya voy a estar en Palenque y pues ni me voy a enterar porque yo me jubilo y voy a apagar el radio y la televisión, y también el internet. Si acaso lo voy a prender para cuando haya algún partido de béisbol.",0.0,53,23,09,2024
PRESIDENTE ANDRES MANUEL LOPEZ OBRADOR,"Y voy a estar trabajando. Además, me voy a dedicar por completo a escribir, que siempre me ha apasionado. Cuando he escrito mis libros, en condiciones muy difíciles porque estoy trabando en este asunto, este asuntito, y voy escribiendo en la camioneta, me levanto temprano a escribir, en la noche.",0.0,50,23,09,2024
PRESIDENTE ANDRES MANUEL LOPEZ OBRADOR,"Le agradezco mucho a Laura, que lleva años conmigo. Y con el paso del tiempo y, además, por el béisbol precisamente me afecté este dedo, porque me tiré a agarrar una línea, hice una atrapada, pero me quedó la mano abajo, y no me compuse el dedo. Entonces, ya sólo Laura describe, descifra.",0.0,53,23,09,2024
PRESIDENTE ANDRES MANUEL LOPEZ OBRADOR,"Pero me voy a dedicar a eso. Les decía que cada vez que escribía un libro… Este último, ¡Gracias!, que lo escribí como un año, en un año, tenía que entregarlo en diciembre del año pasado a la editorial, me apasionó. O sea, todos los libros que escribía me apasionaban.",0.0,50,23,09,2024
PRESIDENTE ANDRES MANUEL LOPEZ OBRADOR,"Recuerdo uno que hice que me apasionó menos, que fue cuando nos hicieron el segundo fraude en el 12, y que quedaron nuestros simpatizantes, no todos, pero sí los dirigentes, muy desilusionados, muy desmoralizados, casi todos diciendo: ‘No se va a poder, así no se va a poder, las cartas están marcadas, los dados están cargados, va a ser siempre fraude y fraude y fraude, y siempre va a ser con el aparato del Estado, con dinero, van a comprar los votos’, lo que hacían, y entonces había un ambiente de desánimo.",0.0,92,23,09,2024
PRESIDENTE ANDRES MANUEL LOPEZ OBRADOR,"Ahorita vamos a traer otra vez al maestro Pellicer. A ver, velo buscando. Y escribí un libro que se llama… En ese tiempo, que fue pasando la segunda elección presidencial, yo también tenía ganas de retirarme y no volver a ser candidato. Y llegué a escribir un texto, un borrador, diciendo de que quería imitar, ser como Juárez, como Madero, como Cárdenas, y que no había yo podido o no había yo sabido hacerlo, y que me retiraba, no de la lucha, me retiraba de ser candidato, no iba yo a volver a ser candidato a nada, a nada. Iba yo a leer ese texto en el Zócalo. Y ya estábamos formando Morena, creando Morena. Y que me iba yo a dedicar a eso, pero que ya no iba yo a ser candidato a nada, porque me molestaba mucho, mucho, mucho —ahora ya lo puedo decir— que mis adversarios decían que era yo un ambicioso vulgar, que estaba yo obcecado con ser presidente, que era lo único que me importaba.",0.0,170,23,09,2024
PRESIDENTE ANDRES MANUEL LOPEZ OBRADOR,"Me acuerdo que me recetó una editorial El País. ¿Saben cómo lo titularon? ‘Obrador, un lastre’. Claro que les contesté de inmediato porque ya había redes sociales. Ese era el ambiente. Entonces, dije: No, los voy a mandar al carajo y les voy a demostrar de que no soy un ambicioso vulgar, que lucho por ideales y lucho por principios.",0.0,60,23,09,2024
PRESIDENTE ANDRES MANUEL LOPEZ OBRADOR,"Pero después lo pensé más y dije: Todavía hago falta, vamos de nuevo. Y un poco también porque la política es razón y pasión, no se pueden hacer las cosas importantes en la vida sin razón, pero es indispensable la pasión, a veces las cosas grandes que valen la pena se hacen con mucha pasión.",0.0,55,23,09,2024
PRESIDENTE ANDRES MANUEL LOPEZ OBRADOR,"Entonces, imaginaba yo y me afectaba mi orgullo propio el imaginar cómo iban a brindar en las colonias de los potentados porque ya me iba yo a hacer a un lado. Y decía yo entre mí: No les voy a dar ese gusto, no, yo me voy a ir cuando lo decida el pueblo.",0.0,54,23,09,2024
PRESIDENTE ANDRES MANUEL LOPEZ OBRADOR,"Entonces, escribí un libro que se llama No decir adiós a la esperanza, y en ese libro hay un poema. Ustedes saben que el maestro Pellicer era bolivariano, Elenita lo sabe muy bien. Carlos admiraba a Simón Bolívar. Y hay una parte —ahí está en el libro—, un poema que le dedica a Bolívar, que puse en ese libro.",0.0,59,23,09,2024
PRESIDENTE ANDRES MANUEL LOPEZ OBRADOR,"Y bueno, siempre escribir me ha apasionado. Y yo espero que ahora que me voy a Palenque y que voy a hacer este libro, que me va a llevar, tres, cuatro años, porque es una investigación que me va a llevar mucho tiempo, me apasione y que me ayude a compensar el que ya no voy a tener la actividad que por años he llevado a cabo. Porque es así, cortar de tajo con una actividad de lucha desde hace décadas, y ya no quiero saber nada de la actividad política.",0.0,91,23,09,2024
PRESIDENTE ANDRES MANUEL LOPEZ OBRADOR,Miren:,0.0,1,23,09,2024
PRESIDENTE ANDRES MANUEL LOPEZ OBRADOR,"‘Vieja silla de vaqueta en la pared reclinada en una miserable casa’; esto, en Perú, en una etapa de ocaso de Bolívar.",0.0,22,23,09,2024
PRESIDENTE ANDRES MANUEL LOPEZ OBRADOR,‘Sobre de ella el cuerpo triste de Bolívar descansaba.,0.0,9,23,09,2024
PRESIDENTE ANDRES MANUEL LOPEZ OBRADOR,"‘Abrazóle don Joaquín, su amigo. Con muy corteses palabras. el héroe del nuevo mundo apenas y contestaba’, porque estaba enfermo.",0.0,20,23,09,2024
PRESIDENTE ANDRES MANUEL LOPEZ OBRADOR,‘Luego que el señor Mosquera las penas enumerara le preguntó a don Simón: ¿Y ahora que va usted a hacer?,0.0,20,23,09,2024
PRESIDENTE ANDRES MANUEL LOPEZ OBRADOR,"‘Triunfar, el libertador respondió con loca fe.’",0.0,7,23,09,2024
PRESIDENTE ANDRES MANUEL LOPEZ OBRADOR,"Esto es una enseñanza mayor para todos los jóvenes que quieren hacer política, desde luego entendiendo que la política es transformar. O sea, se camina, se cae uno, hay que levantarse y hay que seguir caminando hacia la bella utopía de lograr el ideal de la justicia, de la democracia, de la libertad.",0.0,53,23,09,2024
PRESIDENTE ANDRES MANUEL LOPEZ OBRADOR,Ya vámonos a desayunar.,0.0,4,23,09,2024
PREGUNTA," Por último, presidente, le agradezco, presidente: el fin de semana el congreso nacional de Morena designó a Luisa María Alcalde Luján como presidenta del partido, presidenta del Comité Ejecutivo Nacional, por primera vez una mujer al frente del partido nacional más joven en el país y partido que usted fundó, presidente. ¿Qué valoración tiene de lo sucedido el fin de semana en Morena?",0.0,63,23,09,2024
PRESIDENTE ANDRES MANUEL LOPEZ OBRADOR," Estoy muy contento con eso. Yo también ya renuncio a la militancia partidista, pero estoy muy contento. Bueno, llevo ya bastante tiempo satisfecho, contento, alegre, porque el pueblo de México supo elegir a la nueva presidenta, una mujer excepcional, extraordinaria, inteligente; una mujer con experiencia, sensible, honesta, de buenos sentimientos, de buen corazón. Es lo mejor que le pudo haber pasado al país en estos tiempos.",0.0,66,23,09,2024
PRESIDENTE ANDRES MANUEL LOPEZ OBRADOR,"México va a seguir creciendo en todos los órdenes: en lo económico, en bienestar social, en política; desde luego, se van a seguir exaltando los valores culturales, morales, espirituales, el orgullo por México. Sin caer en chovinismo, México es de las naciones con más cultura en el mundo, por eso somos parte de un pueblo excepcional, extraordinario, bueno, generoso; un pueblo muy humano, muy fraterno, muy partidario del amor al prójimo. Entonces, estoy muy contento, me voy a ir tranquilo.",0.0,80,23,09,2024
PRESIDENTE ANDRES MANUEL LOPEZ OBRADOR,"Y es Claudia, en poco tiempo, repito, y ahora sí que vamos a vivir para contarlo, en muy poco tiempo vamos a tener la mejor presidenta del mundo. Ya entrando ya va a estar entre los mejores, porque conozco a muchos presidentes, primeros ministros, jefes de Estado, o he leído sobre ellos, y Claudia, miren, en algo que podría ser irrelevante, pero es cosa de revisar, y ahí se lo dejo de tarea, son como 200 mandatarios, mujeres, hombres, presidentes, primeros ministros, primeras ministras, jefes de Estado, como 200, a ver, de esos 200, cuántos tienen nivel de escolaridad de doctorado.",0.0,101,23,09,2024
PRESIDENTE ANDRES MANUEL LOPEZ OBRADOR,"Y que vaya que eso es secundario, lo principal es tenerle amor al pueblo y ser honestos. El presidente Cárdenas, el mejor presidente del siglo XX, no terminó la primaria, y es el presidente que más amor le profesaba al pueblo, pero también cuenta el nivel educativo.",0.0,47,23,09,2024
PRESIDENTE ANDRES MANUEL LOPEZ OBRADOR,"Entonces, estoy muy contento y lo mismo con la llegada de Luisa María a la presidencia de Morena. Y los felicito a todos los delegados de Morena, a los que participaron en el congreso, en el consejo, y a los nuevos dirigentes de Morena.",0.0,44,23,09,2024
PRESIDENTE ANDRES MANUEL LOPEZ OBRADOR,Y ahora sí vámonos al desayuno.,0.0,6,23,09,2024
