Participante,Texto,Sentimiento,Palabras,Dia,Mes,Anio
PRESIDENTE ANDRES MANUEL LOPEZ OBRADOR,": Buenos días. Ánimo, ánimo.",0.0,5,06,08,2024
PRESIDENTE ANDRES MANUEL LOPEZ OBRADOR,"Bueno, vamos a informar, como lo hacemos los martes cada 15 días, vamos a informar sobre seguridad. Nos van a apoyar informando los integrantes del Gabinete de Seguridad. Posteriormente, vamos a abrir para las preguntas y las respuestas. Vamos a iniciar con el general Bucio, con ‘Cero impunidad’.",0.0,48,06,08,2024
LUIS RODRIGUEZ BUCIO," Con su permiso, señor presidente. Muy buenos días. Me voy a permitir informar el avance de ‘Cero impunidad’ en el periodo del 23 de julio al 5 de agosto. Tenemos tres extradiciones por parte de la Fiscalía General de la República: se trata de Víctor ‘N’, él es requerido por una corte de Oregón por homicidio en agravio de su pareja sentimental, esto en el 2016; Antonio ‘N’, requerido por una corte de Ohio por homicidio calificado en 2004; José ‘N’, requerido por una corte en el estado de Nueva York por abuso sexual y violación equiparada cometidos entre 2009 y 2014.",0.0,102,06,08,2024
LUIS RODRIGUEZ BUCIO,"Detenciones relevantes. Tenemos esta, de Erick Gerardo y Lorena Janeth, fueron detenidos en Toluca, Estado de México, por todas estas corporaciones: Fiscalía General del Estado de México, con el apoyo del Ejército Mexicano, de Semar, Conaho, CNI, fiscalía de la Ciudad de México, la Secretaría de Seguridad de la Ciudad de México y la Secretaría de Seguridad del Estado de México, tras cumplimentar una orden de aprehensión por su probable participación en el homicidio de Milton ‘N’, el coordinador general de la Unidad de Estrategia Táctica y Operaciones Especiales de la Secretaría de Seguridad Ciudadana de la Ciudad de México el pasado 21 de julio en Coacalco. Además, enfrentan el cargo de homicidio en grado de tentativa de una persona de 77 años, él era empleado del establecimiento comercial de venta de pollo donde ocurrieron los hechos. De acuerdo a las investigaciones, los detenidos habrían participado en el trámite y obtención de las placas de circulación vehicular de uno de los vehículos involucrados en el homicidio. Ya fueron vinculados a proceso con medida cautelar de prisión preventiva justificada.",0.0,178,06,08,2024
LUIS RODRIGUEZ BUCIO,"Esta siguiente detención, se trata de Brayan Jair y Julio César. Fueron detenidos por la fiscalía del estado de Quintana Roo por su presunta participación en el delito de homicidio de un menor de edad que perdió la vida en una playa de Cancún el 28 de julio. De acuerdo con las investigaciones, cuatro hombres habrían arribado a bordo de dos motos acuáticas al área de playas de un hotel de Cancún con la intención de asesinar precisamente a Julio César, presuntamente por órdenes de Brayan, derivando esto en un enfrentamiento armado entre integrantes de los dos grupos delictivos antagónicos. En ese enfrentamiento un menor de 12 años de edad resultó lesionado de gravedad por disparo de arma de fuego, por lo que fue trasladado al hospital más cercano donde perdió la vida. Estos dos detenidos también estarían relacionados con el homicidio de dos personas ocurrido el 1º de julio en un autobús que circulaba en la zona hotelera de Cancún.",0.0,161,06,08,2024
LUIS RODRIGUEZ BUCIO,"Siguiente detención, se trata de Víctor Hugo, el presunto líder del grupo delictivo La Unión Tepito. Fue detenido en Cancún por la fiscalía de la Ciudad de México con apoyo de la fiscalía de Quintana Roo, tras cumplimentar una orden de aprehensión por su probable participación en delito de homicidio calificado, esto en el 2018 en la Plaza Garibaldi, aquí en la alcaldía Cuauhtémoc en agravio de seis personas, presuntos miembros del grupo Antiunión Tepito. De acuerdo con las investigaciones, Víctor Hugo se encuentra relacionado con diversas carpetas de investigación y averiguaciones previas por delitos como posición de vehículo robado, robo agravado, robo agravado calificado en pandilla, robo a transeúnte en vía pública y homicidio. Él cuenta con antecedentes penales desde los 16 años y habría quedado al frente del grupo delictivo La Unión Tepito, luego de la detención de Roberto ‘N’ y Betito ‘N’, en el 2018. La fiscalía ofrecía una recompensa de hasta 500 mil pesos por quién proporcionara información que llevara a su captura, a su localización o detención.",0.0,172,06,08,2024
LUIS RODRIGUEZ BUCIO,"Esta detención, de Juan Gustavo, él fue detenido por la fiscalía del Estado de México con apoyo de la Conaho tras cumplimentar una orden de aprehensión por el delito de homicidio calificado en agravio de una mujer en Nezahualcóyotl, Estado de México, el pasado 4 de julio. De acuerdo con la investigación, la víctima se encontraba reunida con el hoy detenido y una persona más en un domicilio en la colonia Ciudad Lago, lugar en el que en un momento Gustavo ‘N’ la habría agredido físicamente; además, sacó un arma de fuego, la cual disparó contra la víctima, provocándole la muerte. Ya fue puesto a disposición de la autoridad judicial para definir su situación jurídica.",0.0,115,06,08,2024
LUIS RODRIGUEZ BUCIO,"En vinculaciones a proceso, tenemos este caso de Rodrigo, fue vinculado a proceso con medida cautelar de prisión preventiva oficiosa por los delitos de feminicidio en agravio de Irma Fregoso, vicepresidenta del grupo feminista 50+1 en Puerto Vallarta y, además, por el homicidio en grado de tentativa de un hombre que acompañaba precisamente a Irma, esto el 15 de julio del 2024 en Puerto Vallarta. De acuerdo con las investigaciones, las víctimas salían de una reunión en unas instalaciones de la CTM en la colonia 5 de Diciembre, cuando el hoy imputado dio alcance a la activista y le disparó con un arma de fuego; posteriormente, intentó disparar contra el acompañante, sin lograr accionar el arma. Irma fue trasladada para su atención médica a una clínica; sin embargo, perdió la vida. Aquí el aparente móvil de los hechos fue una venganza de Rodrigo, debido a que durante una reunión sindical no fue seleccionado para ocupar el puesto de supervisor en el condominio donde laboraba. Irma Fregoso se desempeñaba como gerente general del condominio, mientras que la otra víctima era el jefe de Recursos Humanos.",0.0,184,06,08,2024
LUIS RODRIGUEZ BUCIO,"Esta otra vinculación a proceso, de Luis Alfredo, por el delito de feminicidio cometido en agravio de Noriko Dayana, enfermera del IMSS en Coatzacoalcos, esto el 19 de julio en ese municipio. De acuerdo con las investigaciones, en las afueras de la clínica 36 del IMSS, en la colonia Manuel Ávila Camacho, Luis Alfredo habría disparado un arma de fuego contra la víctima provocándole la muerte. Ya el detenido fue puesto a disposición del juez de control, que lo requirió y en audiencia inicial, además de vincularlo a proceso, le fue impuesta la medida cautelar de prisión preventiva justificada. La fiscalía del estado continúa las investigaciones para localizar a un segundo implicado en este feminicidio ya que, de acuerdo con la información que se tiene, Luis Alfredo habría sido el autor material y recibió alguna cantidad de dinero por realizar o cometer este homicidio.",0.0,144,06,08,2024
LUIS RODRIGUEZ BUCIO,"Sentencia de 50 años de prisión a Jonathan tras acreditar su responsabilidad en el delito de secuestro exprés con fines de robo en agravio de tres tripulantes de un vehículo de carga, esto el 17 de octubre del año pasado en Tecámac, Estado de México. De acuerdo con las investigaciones, las víctimas circulaban en un vehículo que transportaba lácteos sobre la autopista México-Pachuca, y a la altura de la colonia Ojo de Agua les fue bloqueado el paso por dos vehículos tripulados por varias personas, entre ellas el hoy sentenciado. Al detener la marcha, tres personas amagaron a las víctimas con armas de fuego para robarles la mercancía con valor de 500 mil pesos. Jonathan obligó a las víctimas a abordar un vehículo y los mantuvo privados de su libertad, mientras realizaban el robo del vehículo y la mercancía. Momentos después, Jonathan fue detenido en la colonia Héroes Quinta Sección en Ecatepec por elementos de la Secretaría de Seguridad del Estado de México, mientras viajaba en uno de los vehículos que fueron utilizados para cometer el delito.",0.0,177,06,08,2024
LUIS RODRIGUEZ BUCIO,"Esta otra sentencia, de 75 años a Martín Heriberto, él de oficio enfermero. Los 75 años son: 60 por el delito de feminicidio más 15 por el delito de violación, ambos cometidos por en agravio de la doctora Alí Jasel el 17 de septiembre del año 23 en San José del Cabo, Baja California Sur. De acuerdo con las investigaciones, el hoy sentenciado ingresó al domicilio de Alí Jasel, ubicado en la colonia Guaymitas, lugar donde cometió ambos delitos. Él era vecino y compañero de trabajo de Alí Jasel en un hospital del IMSSS en San José del Cabo. La causa de la muerte de la víctima fue asfixia mecánica por estrangulamiento.",0.0,112,06,08,2024
LUIS RODRIGUEZ BUCIO,"Esta sentencia es de prisión vitalicia contra José ‘N’, alias ‘47’, integrante del grupo delictivo La Familia Michoacana, tras acreditar su participación en una agresión registrada el 28 de octubre del 2018 en Almoloya de Alquisiras, en el Estado de México, en la que cuatro elementos de la Secretaría de Seguridad del Estado de México fallecieron y seis más resultaron lesionados por disparos de arma de fuego. De acuerdo con las investigaciones, las víctimas viajaban a bordo de una unidad oficial a la altura de la sexta manzana, lugar donde realizaban un operativo para prevenir y detectar delitos ambientales. En algún momento de su patrullaje fueron agredidos por disparos de arma de fuego por el hoy sentenciado y otras personas más, provocando la muerte de cuatro policías y lesionando a seis más. Por esos mismos hechos ya han sido sentenciados igual a prisión vitalicia tres agresores más.",0.0,147,06,08,2024
LUIS RODRIGUEZ BUCIO,"Lamentablemente tenemos este homicidio del periodista Alejandro Martínez Noguez, la tarde del pasado domingo 4 de agosto. La Secretaría de Seguridad Ciudadana de Celaya informa que el reportero Alejandro Martínez Noguez, conocido como ‘el Hijo del Llanero Solitito’, fue asesinado tras ser agredido con arma de fuego mientras circulaba a bordo de una patrulla de tránsito y policía vial sobre la carretera federal 45 en el tramo Villagrán-Celaya. Dos escoltas del reportero que iban en la misma patrulla resultaron lesionados y fueron trasladados a un hospital para atención médica.",0.0,89,06,08,2024
LUIS RODRIGUEZ BUCIO,"El hecho se registró cuando el reportero regresaba de cubrir un accidente vial en el municipio de Villagrán, momento en que personas armadas que se transportaban en una camioneta les dieron alcance y dispararon contra el vehículo que tenía asignado el reportero para su traslado y escolta. Ya por estos hechos la fiscalía de Guanajuato abrió una carpeta de investigación y asignó a un equipo forense y operativo para el esclarecimiento de los hechos y lograr la detención de los responsables. En las estadísticas con este caso ya llevamos lamentablemente tres casos registrados en este año.",0.0,96,06,08,2024
LUIS RODRIGUEZ BUCIO,"En jueces que favorecen a presuntos delincuentes tenemos el día de hoy este caso, aquí el favorecido es José Antonio ‘N’, es director general de Servicios Aéreos de la entonces Procuraduría General de la República.",0.0,35,06,08,2024
LUIS RODRIGUEZ BUCIO,"La jueza que favorece es Alejandra Domínguez Santos, quien el 14 de julio pasado dictó sentencia absolutoria en favor de José Antonio ‘N’, quien enfrentaba un proceso por los delitos de uso indebido de atribuciones y facultades y fraude equiparado, derivado de haber celebrado en 2013 y 2015 dos contratos para la adquisición de aeronaves no tripuladas y drones por una cantidad superior a los 614 millones de pesos. La jueza ordenó el levantamiento de las medidas cautelares a las que se encontraba sujeto José Antonio, consistentes en presentación periódica mensual, exhibición de una garantía de un millón de pesos y prohibición de salir del país. La jueza consideró que la adquisición de las aeronaves estuvo justificada bajo la partida de gastos de seguridad pública y seguridad nacional; sin embargo, en la audiencia la Fiscalía General de la República acreditó que en adquisición no se justificaron los supuestos de urgencia, riesgo y confidencialidad que se pide en la ley en la materia en estos casos.",0.0,165,06,08,2024
LUIS RODRIGUEZ BUCIO,"Estos argumentos fueron desacreditados por la jueza, Domínguez Santos. Por ello, la Fiscalía General de la República interpondrá recurso de apelación contra esta determinación y procederá penalmente contra la jueza por delitos contra la administración de justicia.",0.0,37,06,08,2024
LUIS RODRIGUEZ BUCIO,"Sería cuanto, señor presidente. Me permito ceder el micrófono a mi general secretario.",0.0,13,06,08,2024
LUIS CRESENCIO SANDOVAL GONZALEZ," Con permiso, señor presidente. Continuamos con el informe de seguridad conjunto. Aquí tenemos los efectivos que están desplegados, permanecieron desplegados en estos últimos 15 días que corresponde al informe, 232 mil 69 elementos entre Guardia Nacional y Fuerzas Armadas. Aquí vemos en la lámina cómo la Guardia Nacional tiene mayores efectivos que las Fuerzas Armadas desplegadas, 118 mil 882 elementos de la Guardia Nacional desplegadas en el territorio nacional.",0.0,69,06,08,2024
LUIS CRESENCIO SANDOVAL GONZALEZ,"En cuanto a los aseguramientos de armas de fuego, en el periodo fueron 318 armas, para hacer un total en la administración de 53 mil 35 armas de fuego de diferentes calibres aseguradas.",0.0,33,06,08,2024
LUIS CRESENCIO SANDOVAL GONZALEZ,"En granadas, 12 granadas aseguradas, para un total de tres mil 538 en la administración.",0.0,15,06,08,2024
LUIS CRESENCIO SANDOVAL GONZALEZ,"En cartuchos, 57 mil 577 cartuchos en estos 15 días de trabajo, para un total general de 19 millones 798 mil 30 cartuchos asegurados en la administración.",0.0,27,06,08,2024
LUIS CRESENCIO SANDOVAL GONZALEZ,"Detenidos, fueron 550 en el periodo, para un total de 89 mil 615.",0.0,13,06,08,2024
LUIS CRESENCIO SANDOVAL GONZALEZ,"En vehículos asegurados, 446 vehículos asegurados por diferentes motivos, para hacer un total de 99 mil 172.",0.0,17,06,08,2024
LUIS CRESENCIO SANDOVAL GONZALEZ,"En fentanilo se aseguraron dos kilogramos de fentanilo. Ya sumado al total que se lleva en la administración, ocho mil 306.6 kilogramos.",0.0,22,06,08,2024
LUIS CRESENCIO SANDOVAL GONZALEZ,"En metanfetaminas, cuatro mil 192.5 kilogramos de metanfetaminas, para hacer un total de 731 mil 434.4 kilogramos de este enervante que ha sido asegurado.",0.0,24,06,08,2024
LUIS CRESENCIO SANDOVAL GONZALEZ,"En cocaína, dos mil 281.6 en el periodo del informe y la administración 227 mil 965.4 kilogramos de cocaína.",0.0,19,06,08,2024
LUIS CRESENCIO SANDOVAL GONZALEZ,"En marihuana, cuatro mil 816 kilogramos y llevamos un total de 784 mil 336.8 kilogramos de marihuana asegurada.",0.0,18,06,08,2024
LUIS CRESENCIO SANDOVAL GONZALEZ,"En heroína, 1.2 kilogramos, para el total de mil 615.9 kilogramos de este enervante.",0.0,14,06,08,2024
LUIS CRESENCIO SANDOVAL GONZALEZ,"En goma de opio, 40 kilogramos, haciendo un total de mil 337.3 kilogramos de goma de opio.",0.0,17,06,08,2024
LUIS CRESENCIO SANDOVAL GONZALEZ,"Se han asegurado 3.1 millones de pesos en estos 15 de operaciones, para un total en la administración de 749.8 millones de pesos. Y en dólares americanos se aseguraron 802 mil 119 dólares en el periodo y el total de la administración 154.9 millones de dólares asegurados a la delincuencia.",0.0,50,06,08,2024
LUIS CRESENCIO SANDOVAL GONZALEZ,"Se erradicaron 337 plantíos en 42.6 hectáreas de marihuana, llevamos un total de 83 mil 176 plantíos en 11 mil 304.4 hectáreas.",0.0,22,06,08,2024
LUIS CRESENCIO SANDOVAL GONZALEZ,"En amapola 455 plantíos, 45.5 hectáreas. En el total de la administración, 462 mil 838 plantíos, 66 mil 749.8 hectáreas.",0.0,20,06,08,2024
LUIS CRESENCIO SANDOVAL GONZALEZ,"Lo que son laboratorios clandestinos de metanfetaminas, en estos 15 días se ubicaron nueve laboratorios; fueron destruidos. Se aseguró en esos laboratorios 2.2 toneladas de metanfetaminas, 27.74 toneladas de sustancias químicas. Con esto se evitó la producción de 20.14 toneladas de estos enervantes aproximadamente. Y en la administración llevamos dos mil 575 laboratorios que han sido detectados y desarticulados.",0.0,59,06,08,2024
LUIS CRESENCIO SANDOVAL GONZALEZ,"Y asegurados de metanfetamina, 696.97 toneladas; y en sustancias químicas, tres mil 659.6 toneladas. Y el cálculo que se hace de esto que se evitó que se produjera son ocho mil 710.11 toneladas de estos enervantes químicos.",0.0,37,06,08,2024
LUIS CRESENCIO SANDOVAL GONZALEZ,"En el combate al mercado ilícito de combustibles, se recuperaron 652 mil 771 litros y llevamos recuperado en la administración 68 millones 788 mil 45 litros de combustible.",0.0,28,06,08,2024
LUIS CRESENCIO SANDOVAL GONZALEZ,"Sobre apoyos que brinda la Guardia Nacional en el ámbito de seguridad, en las aduanas tiene, cuenta con cuatro mil 444 efectivos, da seguridad a las 21 aduanas fronterizas y 12 interiores; en aeropuertos y aeródromos con dos mil 979 efectivos, tiene presencia en 73 aeropuertos y 27 aeródromos, realizando en estos 15 días mil 615 operaciones de revisión.",0.0,59,06,08,2024
LUIS CRESENCIO SANDOVAL GONZALEZ,"Y en traslados de internos, se realizaron 18 traslados, 22 internos que fueron cambiados de penal, empleando mil 471 elementos.",0.0,20,06,08,2024
LUIS CRESENCIO SANDOVAL GONZALEZ,"Este es el esfuerzo nacional, los resultados importantes que se tienen con todas las instancias de seguridad. La Guardia Nacional continúa con un 47 por ciento de todos los resultados.",0.0,30,06,08,2024
LUIS CRESENCIO SANDOVAL GONZALEZ,"Y aquí resaltar, en detenidos: de 89 mil 615 que se han… personas detenidas en la administración, la Guardia tiene el 43 por ciento de estas detenciones, 38 mil 150; el resto, las demás instancias.",0.0,35,06,08,2024
LUIS CRESENCIO SANDOVAL GONZALEZ,"Sobre la afectación a grupos delictivos empleando la inteligencia del Estado mexicano, en estos 15 días se afectaron a cuatro grupos delictivos, fueron detenidos 43 personas. Estas 43 personas son 23 del cártel del Pacífico, esto fue el aseguramiento en Chiapas, la detención, perdón; el cártel del Noreste, 12 personas, cinco en Tamaulipas y siete en Nuevo León; del cártel Nuevo Imperio aquí en la Ciudad de México fueron cuatro y del cártel Santa Rosa de Lima en Guanajuato fueron cuatro personas.",0.0,82,06,08,2024
LUIS CRESENCIO SANDOVAL GONZALEZ,Cedo la palabra a la secretaria de Seguridad.,0.0,8,06,08,2024
ROSA ICELA RODRIGUEZ VELAZQUEZ," Con su permiso, presidente. Buenos días tengan todas y todos ustedes.",0.0,11,06,08,2024
ROSA ICELA RODRIGUEZ VELAZQUEZ,"Como primera secretaria de Seguridad de México tengo la convicción personal de trabajar a favor de la prevención, la atención, la sanción y la erradicación de la violencia contra las mujeres. Desde el primer día que asumimos esta responsabilidad hemos realizado diferentes acciones con buenos resultados:",0.0,46,06,08,2024
ROSA ICELA RODRIGUEZ VELAZQUEZ,"Uno, se trata de la creación del Gabinete de Género, con el objetivo de diseñar y ejecutar políticas públicas en la materia en el ámbito de seguridad. Esto nos ha permitido articular los esfuerzos de las distintas áreas de la Secretaría de Seguridad locales y con todos los secretarios y secretarias de Seguridad de los estados para la implementación de diversos protocolos, ¿cómo cuáles?, que están aprobados, además, por el Consejo Nacional de Seguridad.",0.0,74,06,08,2024
ROSA ICELA RODRIGUEZ VELAZQUEZ,El Protocolo Nacional de Actuación Policial para la Atención de Violencia de Género contra las mujeres en el ámbito familiar.,0.0,20,06,08,2024
ROSA ICELA RODRIGUEZ VELAZQUEZ,"También, el Protocolo Nacional para la Actuación Policial ante casos de violencia contra las mujeres y feminicidio.",0.0,17,06,08,2024
ROSA ICELA RODRIGUEZ VELAZQUEZ,"También, el Modelo Integral para la Sanción de las Violencias contra las Mujeres.",0.0,13,06,08,2024
ROSA ICELA RODRIGUEZ VELAZQUEZ,Así como el proceso de revisión y judicialización de las carpetas de investigación de los delitos de feminicidio y de homicidios contra mujeres.,0.0,23,06,08,2024
ROSA ICELA RODRIGUEZ VELAZQUEZ,"Otro tema es la impartición de capacitaciones mensuales sobre perspectiva de género a las 32 secretarías técnicas estatales y a las 266 Mesas de Construcción de Paz y Seguridad regionales. Esto se hace con el apoyo del Instituto Nacional de las Mujeres, también de la Conavim, de la Comisión Nacional de Derechos Humanos, de la Fiscalía General de la República, en este caso de la Fiscalía de Derechos Humanos, así como también del Inegi. Esto nos ha ayudado mucho, toda esta coordinación, colaboración.",0.0,83,06,08,2024
ROSA ICELA RODRIGUEZ VELAZQUEZ,"Además, en estas mesas, donde participan las instancias de las mujeres, de los estados y municipios, se generaron acuerdos para prevenir y atender de manera focalizada los casos de violencias contra mujeres y niñas.",0.0,34,06,08,2024
ROSA ICELA RODRIGUEZ VELAZQUEZ,"También, otro especial gusto que nos da es el impulso a las redes de Mujeres Constructoras de Paz, las Mucpaz, con casi 19 mil mujeres que fomentan la participación en la resolución de los conflictos y la promoción de la cultura de paz desde el ámbito comunitario.",0.0,47,06,08,2024
ROSA ICELA RODRIGUEZ VELAZQUEZ,"Otro es la capacitación a los primeros respondientes en protocolos de atención para proteger a niñas, niños, adolescentes y mujeres víctimas de violencia, y así asegurar el acceso a la justicia.",0.0,31,06,08,2024
ROSA ICELA RODRIGUEZ VELAZQUEZ,"En coordinación con autoridades locales, también se fortaleció la estrategia de seguridad en 15 municipios, sobre todo dándole impulso a aquellas colonias en donde aún permanecen muchos de los delitos que tienen que ver con violencia en contra de las mujeres y las niñas, en ellos se concentran la mayor incidencia de feminicidios, de homicidios de mujeres, de lesiones a mujeres, así como violaciones y violencia familiar en el país; aquí se concentra alrededor del 40 a 50 por ciento de la violencia feminicida y es en donde más hemos estado ahí presentes con muchas de las acciones, de las actividades de la secretaría y de otras instancias.",0.0,108,06,08,2024
ROSA ICELA RODRIGUEZ VELAZQUEZ,"En estas zonas, con el trabajo de las unidades y órganos administrativos de la Secretaría de Seguridad y Protección Ciudadana, se impulsaron diferentes actividades en coordinación con los estados y los municipios, lo que permitió la atención de 925 mil 187 mujeres y niñas estudiantes, docentes, tutores y población en general a los cuales se les dan talleres, cursos, ferias y recuperación de espacios públicos, precisamente para hablar sobre los derechos de las mujeres y sobre los temas que tienen que ver con la prevención de estos delitos.",0.0,88,06,08,2024
ROSA ICELA RODRIGUEZ VELAZQUEZ,"Aquí también se capacitó a 28 mil 603 servidores públicos y se profesionalizó a 20 mil 731 policías en los últimos 15 meses. Y con toda la capacitación anterior, esto representa el 42 por ciento del Estado, de fuerza estatal y municipal; en conjunto, casi de los 300 mil policías, llevamos más de la mitad capacitada en materia de género.",0.0,60,06,08,2024
ROSA ICELA RODRIGUEZ VELAZQUEZ,"Seis. También, en conjunto con la Conavim fortalecimos los Centros de Justicia para las Mujeres en estados y municipios, sobre todo con recursos que tienen que ver con el Fondo de Aportaciones para la Seguridad Pública. A aquellos municipios, aquellos estados, que tienen especial preocupación para la atención de esta problemática, pues apoyan el que los centros de justicia lleven directamente recursos hacia ellos.",0.0,64,06,08,2024
ROSA ICELA RODRIGUEZ VELAZQUEZ,"Siete. También, se fomentó el uso de la tecnología para prevenir delitos cibernéticos relacionados con violencia de género y así contribuir en la búsqueda de mujeres no localizadas.",0.0,28,06,08,2024
ROSA ICELA RODRIGUEZ VELAZQUEZ,"Otro importante para nosotros es la creación de la Comisión para la Atención del Delito de Homicidio Doloso y Feminicidio, este grupo de trabajo que el general Bucio aquí presenta detenciones de feminicidas, de la Conaho, quien apoya a las fiscalías estatales para evitar la impunidad de quienes cometieron delitos como feminicidio, violencia familiar o violaciones. Y a la fecha hay una gran cantidad de órdenes de aprehensión y cateos, y capacitación para todo lo que tiene que ver con la violencia feminicida.",0.0,83,06,08,2024
ROSA ICELA RODRIGUEZ VELAZQUEZ,"Todas estas acciones que hemos señalado han permitido que el feminicidio a nivel nacional se redujera 35.6 por ciento a junio de 2014, en comparación con diciembre de 2018.",0.0,29,06,08,2024
ROSA ICELA RODRIGUEZ VELAZQUEZ,"Sabemos que aún hay camino por recorrer, por eso proponemos:",0.0,10,06,08,2024
ROSA ICELA RODRIGUEZ VELAZQUEZ,"Uno, homologar el tipo de penal de feminicidio en todas las entidades ya que actualmente cada una define de manera distinta este delito y aplica penas diversas.",0.0,27,06,08,2024
ROSA ICELA RODRIGUEZ VELAZQUEZ,"Dos, hay con continuar con las campañas de prevención dirigidas a las familias para evitar la violencia contra las mujeres y las niñas en todos los espacios laborales, en los espacios académicos; hay que erradicar la misoginia, el machismo y fomentar la cultura del respeto a los derechos de las mujeres.",0.0,51,06,08,2024
ROSA ICELA RODRIGUEZ VELAZQUEZ,"Otro, pues hay que seguir trabajando alrededor del programa de cuidados que se… Y se tiene que seguir trabajando porque México es un país cuidador en las familias.",0.0,28,06,08,2024
ROSA ICELA RODRIGUEZ VELAZQUEZ,"Eso es lo que hoy les quisiéramos presentar, señor presidente.",0.0,10,06,08,2024
PRESIDENTE ANDRES MANUEL LOPEZ OBRADOR," Bueno, pues vamos. Quedo pendiente, Rocío Méndez.",0.0,7,06,08,2024
PREGUNTA," Buenos días. En principio, si pudiera rogarle a sus funcionarios de la Secretaría de Seguridad, que nos aclaren qué pasa con el secuestro de la expresidenta de Angamacutiro, si tuvieran algún detalle al respecto.",0.0,34,06,08,2024
PREGUNTA,"Y también esto que seguramente habrá escuchado, secretaria, por parte de defensores de infancia, que estiman que unos 250 mil niños, niñas, incluyendo adolescentes entre 12 y 17 años, pudieran estar en riesgo de algún tipo de explotación tanto de trata como de narcotráfico por parte de cárteles.",0.0,48,06,08,2024
PREGUNTA,"Y usted, presidente, si nos pudiera, por favor detallar qué va a pasar el próximo viernes. ¿La matutina sería aquí o en dónde? Pensando en su agenda.",0.0,27,06,08,2024
PREGUNTA,"Y también, ¿cómo van las gestiones al respecto de la solicitud a Ecuador para poder dar condiciones diferentes a Jorge Glas?",0.0,21,06,08,2024
PREGUNTA,Gracias.,0.0,1,06,08,2024
LUIS RODRIGUEZ BUCIO," Sobre la presidenta municipal de Angamacutiro, esta privación de la libertad ocurrió en el municipio de Angamacutiro; la fiscalía ya está realizando las investigaciones. Ayer por la noche, todavía en la consulta que hicimos a la fiscalía, mantiene la investigación; no nos dio algún avance, pero está trabajando en esta privación de la libertad, que es ella y una persona más que la acompañaba en ese momento.",0.0,67,06,08,2024
LUIS RODRIGUEZ BUCIO,Sería cuanto.,0.0,2,06,08,2024
ROSA ICELA RODRIGUEZ VELAZQUEZ," Nosotros vamos a estar pendientes también con la parte de lo que corresponde a la Fiscalía Antisecuestros, con las unidades antisecuestros para darle seguimiento. Como es reciente… Pero vamos a estar apoyando, como lo hacemos en otros casos cuando somos requeridos, pero en este caso que usted señala también podríamos hacerlo.",0.0,51,06,08,2024
ROSA ICELA RODRIGUEZ VELAZQUEZ,"La parte de lo que se refiere, sí hay un peligro latente —en la otra pregunta— a que niños y jóvenes puedan estar en riesgo ante la atracción que puedan tener hacia el crimen organizado y sí hay un riesgo latente en aquellas zonas en donde hay trasiego de drogas en nuestro país, pero por eso hemos estado trabajando y la parte de todo lo que se relaciona con trata hay una mesa encabezada por la Secretaría de Gobernación en donde se ven uno a uno los problemas en los estados, en aquellas entidades donde persiste este tema. Entonces, vamos a seguir trabajando.",0.0,103,06,08,2024
ROSA ICELA RODRIGUEZ VELAZQUEZ,"Y para darle datos precisos, le podría esta tarde hacerle una información de este tema precisamente para exponerle ahí cuántos delitos se han cometido, y sobre todo de lo que usted pregunta, de jóvenes, sobre el tema de trata, en qué estamos, de qué estamos hablando.",0.0,46,06,08,2024
ROSA ICELA RODRIGUEZ VELAZQUEZ,"Pero lo que sí le puedo decir, que en la última reunión se vio claramente también que ese delito, como otros en el país, han ido a la baja; sin embargo, la parte de lo que no se ha resuelto y que persiste pues merece de todas maneras atención de todas las autoridades.",0.0,53,06,08,2024
ROSA ICELA RODRIGUEZ VELAZQUEZ,"Si gusta, esta tarde le puedo dar una tarjeta con cada una, digamos, de aquellas entidades en donde persiste el problema. ¿De acuerdo?",0.0,23,06,08,2024
PRESIDENTE ANDRES MANUEL LOPEZ OBRADOR," Bueno, acerca de la conferencia del viernes, se va a celebrar aquí y luego vamos a tener un recorrido, una gira en compañía de la presidenta electa; vamos a visitar cuatro estados. Ya nada más nos faltan dos fines de semana, este y el siguiente, y ya concluimos la visita a los 32 estados, las 32 entidades federativas.",0.0,58,06,08,2024
PRESIDENTE ANDRES MANUEL LOPEZ OBRADOR,"Acerca de la solicitud de asilo del expresidente de Ecuador, nosotros estamos en la mejor disposición de recibirlo. Es parte de nuestra tradición en materia de política exterior, proteger a perseguidos políticos de cualquier país del mundo, siempre se ha hecho.",0.0,41,06,08,2024
PRESIDENTE ANDRES MANUEL LOPEZ OBRADOR,"Y, al mismo tiempo, pues se tiene una denuncia contra el gobierno de Ecuador por la violación a nuestra soberanía, al irrumpir en nuestra embajada en Quito. Es muy lamentable que todavía la Corte de Justicia Internacional no resuelva, y hace poco —no sé si esto sea real— habían dado como fecha para iniciar el proceso el año próximo, imagínense.",0.0,60,06,08,2024
PRESIDENTE ANDRES MANUEL LOPEZ OBRADOR,"Son de estos organismos de la ONU que deben de renovarse, la ONU misma. ¿De qué sirve todo ese andamiaje burocrático de aparatos, de oficinas con diplomáticos de todo tipo que cuestan muchísimo dinero a los ciudadanos del mundo, si no hay en este caso justicia rápida y expedita?",0.0,49,06,08,2024
PRESIDENTE ANDRES MANUEL LOPEZ OBRADOR,"Está la ONU en una profunda crisis, está nada más ahí de adorno, de florero, un aparato burocrático oneroso, ineficiente, que no ayuda a evitar el que se violen los derechos humanos, el que se evite la confrontación política entre estados, la violencia, las guerras, nada.",0.0,46,06,08,2024
PRESIDENTE ANDRES MANUEL LOPEZ OBRADOR,"Entonces, esa es la respuesta a tu pregunta.",0.0,8,06,08,2024
PRESIDENTE ANDRES MANUEL LOPEZ OBRADOR,Adelante.,0.0,1,06,08,2024
PREGUNTA," Gracias, presidente.",0.0,2,06,08,2024
PREGUNTA,"Dalila Escobar, de Proceso.",0.0,4,06,08,2024
PREGUNTA,"Primero preguntarle sobre el tema de Ismael ‘el Mayo’ Zambada. En Estados Unidos ya tienen en sus manos a un narcotraficante que pudiera tener información, tal vez el que más pudiera tener información, de los entramados al interior de los grupos criminales en nuestro país, de las entrañas, que pudiera haber. Incluso se habla de que pudiera tener hasta información de todo lo que se maneja al interior de otros grupos crimínales, por lo cual, bueno, considerarían que el que colabore como testigo protegido pudiera ser de mucha ayuda para lo que tiene que ver con México.",0.0,97,06,08,2024
PREGUNTA,"Un poco también de lo que se recordaba en este recuento que hace también Proceso, Jesús Esquivel, el periodista que está en Estados Unidos, habla de lo que se dijo en otros juicios, como en el del ‘Chapo’, donde también ha habido testimonios como el de Vicente Zambada Niebla, ‘el Vicentillo’, el hijo de Ismael Zambada, quien daba pista desde entonces de que agentes de la DEA, bueno, agentes en general en Estados Unidos del Departamento de Justicia, tuvieron contacto con el propio ‘Mayo’ desde hace unos años y que pudiera dar la pista de que pudo haber sido pactado.",0.0,100,06,08,2024
PREGUNTA,"Eso, bueno, como usted ha mencionado, no se ha dado información, porque lo que ellos dicen en Estados Unidos es que se esperarían a que se llegue al juicio para evitar que se entorpezca como tal el procedimiento en contra de este narcotraficante.",0.0,43,06,08,2024
PREGUNTA,"¿Van a revelar más detalles? No sé si en un principio les han dado algún dato más en torno a esta situación de cómo se dio la captura; en torno a si, en efecto, tiene este antecedente de las declaraciones que se dieron entre los propios capos al colaborar también con el gobierno de Estados Unidos para tener beneficios a cambio.",0.0,61,06,08,2024
PREGUNTA,"Y, bueno, pues también ya nos decían ustedes, bueno, aquí en el gobierno federal, que si algo están seguros es de que México no participó en esta captura, al menos en la doble captura que se dio hace unos días. Y yo quisiera preguntarle, presidente.",0.0,45,06,08,2024
PREGUNTA,"Y nos decían también que no había un operativo. En este sentido, ¿por qué, si en México se tienen algunas órdenes de aprehensión en contra de ellos, no se tenía un operativo para la captura? Si es parte de la estrategia el no montar, pues los operativos que vayan contra las cabezas en un principio. ¿Cuál sería la respuesta en ese sentido?",0.0,62,06,08,2024
PRESIDENTE ANDRES MANUEL LOPEZ OBRADOR," Bueno, nosotros, como se ha informado hace un momento, constantemente estamos combatiendo el narcotráfico. Se acaba de informar y lo hacemos cada 15 días, informamos.",0.0,25,06,08,2024
PRESIDENTE ANDRES MANUEL LOPEZ OBRADOR,"Y todos los días se detienen a personas vinculadas con bandas de narcotraficantes y se destruyen laboratorios, constantemente estamos en eso.",0.0,21,06,08,2024
PRESIDENTE ANDRES MANUEL LOPEZ OBRADOR,"Y no se protege a nadie, ya no es el tiempo en que se protegía desde el gobierno a las bandas de narcotraficantes. Cuando se llegó al extremo de que el secretario de la Seguridad Pública protegía a una de las bandas del narcotráfico, eso ya no tiene que ver con la nueva administración, con el nuevo gobierno, nosotros hemos pintado la raya, la frontera entre delincuencia y autoridad; no hay vínculos, no hay relaciones de complicidad con nadie, como era antes.",0.0,82,06,08,2024
PRESIDENTE ANDRES MANUEL LOPEZ OBRADOR,"En este caso especial, el mismo gobierno de Estados Unidos ha reconocido que llevaron a cabo una negociación, cuando menos con uno de los dos personajes.",0.0,26,06,08,2024
PREGUNTA," Con Guzmán López, con Joaquín Guzmán López.",0.0,7,06,08,2024
PRESIDENTE ANDRES MANUEL LOPEZ OBRADOR," Con Joaquín Guzmán López, sí. Eso fue lo que nos informaron y no ha habido más información, estamos esperando que nos informen. De lo que estamos seguros es de que no intervinieron las Fuerzas Armadas de México, que esto al parecer fue un acuerdo entre autoridades del gobierno de Estados Unidos y estas personas.",0.0,54,06,08,2024
PREGUNTA," En este sentido, justo lo que usted mencionaba, entonces no se tenía como tal, a pesar de que había órdenes de aprehensión en contra al menos en alguno de ellos, el gobierno mexicano no había emprendido un proceso de captura, de operativo para capturarlo. ¿Por qué no fue así, presidente?",0.0,50,06,08,2024
PRESIDENTE ANDRES MANUEL LOPEZ OBRADOR, Siempre se detiene a narcotraficantes.,0.0,5,06,08,2024
PREGUNTA," Pero en el caso a lo mejor de las cabezas, Yo se lo pregunto porque también usted ha mencionado que una de las grandes preocupaciones que ha tenido su gobierno es que al menos en el sexenio, usted, no se llevaron a cabo masacres y, precisamente, como vimos en algún momento cuando lo de Ovidio. ¿Esto responde al objetivo, o sea, de evitar que se desate la violencia? ¿Por eso es que no van tras los grandes capos, porque esto pudiera representar masacres en el país?",0.0,86,06,08,2024
PRESIDENTE ANDRES MANUEL LOPEZ OBRADOR," Es que son concepciones distintas. No se tolera ninguna práctica ilícita, pero se busca que no haya violencia, que se atiendan las causas que provocan la inseguridad y la violencia. Es una concepción distinta.",0.0,34,06,08,2024
PRESIDENTE ANDRES MANUEL LOPEZ OBRADOR,"Hay quienes no coinciden con nosotros aquí, en México, pero sobre todo en Estados Unidos, porque se apuesta más a detener a los capos, a los jefes y se olvidan de atender las causas. Por ejemplo, como todos sabemos, y lo expreso con respeto, el principal problema en Estados Unidos es el consumo de drogas, es un consumo exagerado de drogas, es el país que más consume drogas en el mundo, que más demanda de droga genera.",0.0,77,06,08,2024
PRESIDENTE ANDRES MANUEL LOPEZ OBRADOR,"Entonces, nosotros somos vecinos, y no solo de México se mandan las drogas a Estados Unidos; de todo el mundo. Pero también, con todo respeto, en Estados Unidos no se están atendiendo las causas del porqué de ese consumo exagerado.",0.0,40,06,08,2024
PRESIDENTE ANDRES MANUEL LOPEZ OBRADOR,"¿Qué pasa con los jóvenes? Porque, lamentablemente, los que fallecen por el consumo de droga, la mayoría son jóvenes, y estamos hablando de 100 mil jóvenes nada más por consumo de fentanilo al año. Para tener una idea, aun cuando Estados Unidos tiene tres veces más población que México, cerca de tres veces más, aquí por consumo de droga fallecen alrededor de 600 personas al año y allá 100 mil por fentanilo.",0.0,72,06,08,2024
PRESIDENTE ANDRES MANUEL LOPEZ OBRADOR,"Entonces, puede ser que desaparezca el fentanilo, como ha sucedido en la historia, y va a empezar a venderse otra droga, igual o más dañina que el fentanilo, que es una droga terrible que en seis meses acaba con la vida de una persona.",0.0,44,06,08,2024
PRESIDENTE ANDRES MANUEL LOPEZ OBRADOR,"Y lo mismo, se detiene al señor Zambada, pero, si no se atiende ese consumo y si no nosotros damos opciones a los jóvenes para que no sean enganchados y no sean utilizados en las bandas de narcotraficantes, pues no vamos a enfrentar el problema. Hay que atender las causas; entonces, nosotros estamos haciendo todo lo que está de nuestra parte de manera humanitaria, más que nada estamos en el combate al narcotráfico, y lo vamos a seguir haciendo para apoyar a nuestros vecinos y amigos de Estados Unidos.",0.0,89,06,08,2024
PREGUNTA," ¿Consideraría entonces, aún con capturas espectaculares, no van a resolver el problema?",0.0,12,06,08,2024
PRESIDENTE ANDRES MANUEL LOPEZ OBRADOR," No. En tu revista —cuando estaba don Julio, porque ahora ya tu revista anda en otras cosas— ahí hay una entrevista de don Julio al señor Zambada, y ahí está la respuesta.",0.0,32,06,08,2024
PRESIDENTE ANDRES MANUEL LOPEZ OBRADOR,"Cuando don Julio le pregunta: ‘Oiga, ¿y no teme que lo detengan?’ ‘No, porque no falta siempre un traidor’. Algo así, palabras más, palabras menos. Sería bueno ponerla.",0.0,28,06,08,2024
PRESIDENTE ANDRES MANUEL LOPEZ OBRADOR,Y lo otro: ‘¿Y se va a acabar el narcotráfico?’ Y la respuesta es: ‘Mientras haya consumo va a continuar’. Nada más que también en esto hay mucha hipocresía y no se habla con claridad.,0.0,35,06,08,2024
PRESIDENTE ANDRES MANUEL LOPEZ OBRADOR,"Y también autoritarismo, porque para los conservadores todo se resuelve con el uso de la fuerza, con cárceles, con amenazas de mano dura, con leyes más severas, con detención de capos. No, la paz, la tranquilidad son frutos de la justicia.",0.0,41,06,08,2024
PRESIDENTE ANDRES MANUEL LOPEZ OBRADOR,"Entonces, hay que ver qué está sucediendo en Estados Unidos, por qué los jóvenes optan por la droga. ¿Qué, no habrá un problema social, familiar, un vacío, una falta de atención a los jóvenes? ¿Por qué escapar con la droga en busca de la felicidad? Que les produce infelicidad, porque lo de la droga es una felicidad transitoria para tratar de enfrentar un mal, un vacío, la falta de amor. Entonces, ¿qué, no se puede atender eso?",0.0,77,06,08,2024
PRESIDENTE ANDRES MANUEL LOPEZ OBRADOR,"Nosotros… Y qué bueno que estamos tratando el tema aquí porque esto nos debe de llevar a seguir consolidando, fortaleciendo nuestros valores culturales, morales, espirituales.",0.0,25,06,08,2024
PRESIDENTE ANDRES MANUEL LOPEZ OBRADOR,"Por eso, los clasistas, los racistas, independientemente de que discriminan, muestran, muestran que no tienen idea de la importancia de las culturas originarias de nuestro país. Entonces, cuando dicen ‘naco’, que viene de totonaco, es una expresión despectiva a una cultura. Bueno, por los totonacos y por los mayas, y por los nahuas, y antes por los olmecas, es que nuestra sociedad no está descompuesta, nuestra población no tiene crisis familiar, porque tenemos esa herencia, y es muy importante el que eso se tome en cuenta.",0.0,86,06,08,2024
PRESIDENTE ANDRES MANUEL LOPEZ OBRADOR,"Y también lo otro, que no debe nada más buscarse lo material. Aquí tenemos en México. ¿Dónde hay más consumo y al mismo tiempo más violencia? En Guanajuato, uno de los estados con más prosperidad económica es de los estados en donde hay más consumo de droga y al mismo tiempo más homicidios.",0.0,53,06,08,2024
PRESIDENTE ANDRES MANUEL LOPEZ OBRADOR,"Entonces, tenemos que procurar fortalecer valores y que no siga creciendo el consumo.",0.0,13,06,08,2024
PRESIDENTE ANDRES MANUEL LOPEZ OBRADOR,Pero aquí está.,0.0,3,06,08,2024
JESUS RAMIREZ CUEVAS, Aquí es donde le preguntan qué pasa si lo detienen o se entrega.,0.0,13,06,08,2024
PRESIDENTE ANDRES MANUEL LOPEZ OBRADOR, ¿A dónde está?,0.0,3,06,08,2024
JESUS RAMIREZ CUEVAS, En las preguntas.,0.0,3,06,08,2024
PRESIDENTE ANDRES MANUEL LOPEZ OBRADOR," ‘Un día decido entregarme al gobierno para que me fusile. Mi caso debe ser ejemplar, un escarmiento para todos. Me fusilan y estalla la euforia, pero al cabo de los días vamos sabiendo que nada cambió’.",0.0,36,06,08,2024
PREGUNTA, (Inaudible),0.0,1,06,08,2024
PRESIDENTE ANDRES MANUEL LOPEZ OBRADOR," ‘¿Nada, cayó el capo?’",0.0,4,06,08,2024
PRESIDENTE ANDRES MANUEL LOPEZ OBRADOR,"‘El problema del narco envuelve a millones ¿Cómo dominarlos? En cuanto a los capos encerrados, muertos, extraditados, sus reemplazos ya andan por ahí’.",0.0,23,06,08,2024
PRESIDENTE ANDRES MANUEL LOPEZ OBRADOR,"Por eso, hay que atender las causas.",0.0,7,06,08,2024
PRESIDENTE ANDRES MANUEL LOPEZ OBRADOR,Pero al otro día me acordaba… No me acordaba yo de los muñecos estos que… Y es Skeletor. Traía yo la…,0.0,21,06,08,2024
PRESIDENTE ANDRES MANUEL LOPEZ OBRADOR,"Entonces, esa mentalidad prevalece. Por eso se burlaban y se burlan cuando digo ‘abrazos, no balazos’, porque hay quienes tienen esa mentalidad autoritaria, que piensan que todo lo van a resolver con la fuerza.",0.0,34,06,08,2024
PRESIDENTE ANDRES MANUEL LOPEZ OBRADOR,"Entonces, nosotros hemos apostado por una política distinta que nos ha dado muy buenos resultados. Por ejemplo, no se atendía a los jóvenes. Es una vergüenza que el rector Narro, de la UNAM, haya retomado o acuñado la frase de ‘ninis’, y todo mundo se reía de manera burlona, ‘ninis’ para referirse a los jóvenes, ni estudian, ni trabaja, ‘nini’, eso estaba en su apogeo en el sexenio pasado, tratando a los jóvenes de manera discriminatoria, despectiva sin hacer nada por los jóvenes.",0.0,83,06,08,2024
PRESIDENTE ANDRES MANUEL LOPEZ OBRADOR,"Y baste recordar un dato: en cinco sexenios anteriores al nuestro destinaron a los jóvenes siete mil millones de pesos; en nuestro gobierno sólo el programa Jóvenes Construyendo el Futuro 120 mil millones de pesos, ¿para qué? Para que el joven que no tiene trabajo, ya no está estudiando, pueda ser contratado, tener trabajo como aprendiz. Eso es atender las causas.",0.0,61,06,08,2024
PRESIDENTE ANDRES MANUEL LOPEZ OBRADOR,"Decidimos otorgar becas a todos los estudiantes de preparatoria del país, a cinco millones, que estudian en el nivel medio superior, que tiene que ver con la adolescencia, la edad más riesgosa, para que con estas becas se evitara el abandono de la escuela, la deserción. Y estamos terminando el gobierno y logramos disminuir el porcentaje de jóvenes que abandonaban la escuela.",0.0,62,06,08,2024
PRESIDENTE ANDRES MANUEL LOPEZ OBRADOR,"Y todo eso ayuda. Claro, es un proceso, lleva tiempo.",0.0,10,06,08,2024
PRESIDENTE ANDRES MANUEL LOPEZ OBRADOR,"Recuerdo que antes de que llegáramos al gobierno, que yo planteaba esto, y no sólo yo, hasta estudiosos serios en Estados Unidos, proponen que se atiendan las causas. Bueno, me decían: ‘Sí, sí, sí, está muy bien, pero eso lleva mucho tiempo; pero ¿qué cosa es lo que van a hacer, pronto, pronto, para detener la violencia para frenar la inseguridad?’.",0.0,61,06,08,2024
PRESIDENTE ANDRES MANUEL LOPEZ OBRADOR,"Pues vamos a atender las causas y al mismo tiempo vamos a procurar que no haya corrupción, vamos a procurar que no se asocie la autoridad con la delincuencia, vamos a procurar trabajar de manera coordinada, porque antes no era así; vamos a trabajar todos los días, de lunes a viernes, de 6:00 a 7:00 de la mañana se va a reunir el Gabinete de Seguridad, vamos a crear la Guardia Nacional. Y todo lo que hemos hecho, bueno, nos ha dado resultado y ahí vamos avanzando.",0.0,87,06,08,2024
PREGUNTA," Pero justo, ya para finalizar sobre este tema, parte de lo que podría ayudar estas detenciones de Estados Unidos es para saber también quiénes en el gobierno estuvieron coludidos en anteriores administraciones o en las que fueran.",0.0,37,06,08,2024
PREGUNTA,"Justo lo que se mencionaba es que, ya teniendo a Zambada, y a lo mejor si Genaro García Luna colabora, pudiera dar nombres de los exfuncionarios que supieron. Porque pues lo que se cuestionaba un poco era decir: ‘Si tienen al capo de capos, pues ¿quién más está más arriba?’. Bueno, pues pudiera haber incluso, expresidentes. Es parte de lo que pudiera darse después de estos juicios.",0.0,67,06,08,2024
PREGUNTA,"Sobre este caso, presidente, también nada más preguntar: se dio información sobre un vuelo que se tuvo… Como estaban un tanto a ciegas por lo que no les daba Estados Unidos, ustedes obtuvieron información de aquí de México; sin embargo, se dieron datos de una aeronave, de un piloto, dieron el nombre. En caso de que no tuviera nada que ver, que pudiera apuntar así, ¿cómo se puede resarcir ese daño a la persona que exhibieron?",0.0,76,06,08,2024
PRESIDENTE ANDRES MANUEL LOPEZ OBRADOR," Bueno, tu primer pregunta: desde luego, si van a informar sobre sus vínculos con autoridades mexicanas, ayuda que se sepa cuánto apoyo le daban a las autoridades. Que informen quiénes los protegían. Todo esto va a ayudar mucho y también los acuerdos con las agencias de Estados Unidos, como este. Transparentar todo, eso ayuda muchísimo.",0.0,55,06,08,2024
PRESIDENTE ANDRES MANUEL LOPEZ OBRADOR,Y tu otra pregunta es…,0.0,5,06,08,2024
PREGUNTA," Sobre la información que dieron en torno al vuelo, plan de vuelo, piloto…",0.0,13,06,08,2024
PRESIDENTE ANDRES MANUEL LOPEZ OBRADOR," Ah, bueno, se dio esta información, porque se tuvo en ese tiempo la información de parte de migración que coincidía, sobre todo, con el aeropuerto a donde llegó o donde llegaron estas personas. Pero ya ahora ya se tiene más información y lo que se busca es que tengamos toda la información.",0.0,52,06,08,2024
PREGUNTA," Pero, entonces, justo como no salió de ese lugar de donde decían, Hermosillo, sino de otro…",0.0,16,06,08,2024
PRESIDENTE ANDRES MANUEL LOPEZ OBRADOR," Sí, se está ya hablando de otro sitio, de otro lugar. Ya lo vamos a saber todo, para qué adelantamos vísperas o hacemos conjeturas, mejor estamos solicitando información al gobierno de Estados Unidos.",0.0,33,06,08,2024
PREGUNTA, ¿No les han dado fecha?,0.0,5,06,08,2024
PRESIDENTE ANDRES MANUEL LOPEZ OBRADOR," Todavía no, todavía no, no tenemos toda la información, pero esperamos que la vamos a tener.",0.0,16,06,08,2024
PREGUNTA, ¿Y sería hasta que inicie el juicio? Porque todavía…,0.0,9,06,08,2024
PRESIDENTE ANDRES MANUEL LOPEZ OBRADOR," No creo, pienso que antes vamos a tener información, sobre todo de lo relacionado con la detención y el traslado.",0.0,20,06,08,2024
PREGUNTA," Y el nombre del piloto que dieron, sí ya tiene información de que no tuvo nada que ver.",0.0,18,06,08,2024
PRESIDENTE ANDRES MANUEL LOPEZ OBRADOR," Parece que no, parece que no, pero vamos a esperarnos a tener toda la información.",0.0,15,06,08,2024
PREGUNTA," En otro tema, presidente, usted ha hablado en varias ocasiones de lo que sucedió en el sureste mexicano en torno a personas que aprovecharon muchas de las oportunidades que se dieron para adquirir terrenos en auténticos paraísos en esa región. Entre algunos abusos que usted ha mencionado es la venta de terrenos, de hectáreas, a precios irrisorios en muchos de los casos de quienes se han apoderado de estas tierras, no nada más extranjeros, sino también nacionales.",0.0,77,06,08,2024
PREGUNTA,"Algunos de estos casos que se mencionan, bueno, pues se tiene información en torno a la familia del director general de la CFE, Manuel Bartlett, quien se ha beneficiado de algunas de estas maniobras que han tenido gobiernos locales en torno a la asignación o incluso enajenación u otro tipo de maniobras para dar terrenos a personas que se benefician y que no pagan, o precios muy, muy reducidos, o incluso cero pesos por algunas de las hectáreas, esto de algunos años para acá, incluso todavía en los últimos.",0.0,89,06,08,2024
PREGUNTA,"Las propiedades entre el hijo y la pareja de Manuel Bartlett, bueno, pues al menos en esta región, lo último que se sabe, suman 164 hectáreas. Tienen predios en zonas de lujo. En algunos casos, como le mencionaba, no les costó; en otros, precios muy por debajo de los que cuesta ya ahora el metro cuadrado allá en la zona, al menos de Cancún, Playa del Carmen, Puerto Morelos y Tulum.",0.0,71,06,08,2024
PREGUNTA,"Por ejemplo, en algunos de los casos en 2019 se habla de que Abdala adquirió un departamento en el condominio La Privada, en una zona residencial de Tulum. De acuerdo con el Registro Público de la Propiedad, pagó dos millones y medio por un número importante de hectáreas. En este sentido, pues sabemos que eso no es lo que cuestan las, incluso, las hectáreas o los inmuebles en zonas como esa.",0.0,71,06,08,2024
PREGUNTA,"Y sabemos también que, bueno, pues vienen beneficios importantes con la construcción del Tren Maya, una obra por supuesto aparte, y que en esa zona al menos el Parque del Jaguar habrá como muchos beneficios en este sentido.",0.0,38,06,08,2024
PREGUNTA,"También, bueno, pues importante mencionar, por ejemplo, en el caso de Puerto Morelos es donde no se pagó ni un peso, incluso por 3.9 hectárea, incluso hasta en algunos casos se les ayudó a pagar algunos de los trámites que se tienen.",0.0,42,06,08,2024
PREGUNTA,"Otra zona, por ejemplo, también se habla en San José Ixchel, que son 159 hectáreas con un costo de casi 24 millones y medio, es decir, unos 15 pesos el metro cuadrado, que fue lo que le costó esto…, bueno, en un trámite, en una maniobra que tuvo León Manuel Bartlett con una de sus constructoras.",0.0,56,06,08,2024
PREGUNTA,"Es decir, tienen varios de los beneficios. Y, bueno, pues sabemos, esto se dio después de un largo litigio en el que, por una persona, el anterior dueño ya no pudo pagar un crédito que tenía, ellos aprovecharon ese tipo de maniobras.",0.0,42,06,08,2024
PREGUNTA,"Es decir, presidente, yo quisiera preguntarle si se analiza este entramado, sobre todo porque ha sido una denuncia recurrente de usted en torno a que personas que se han beneficiado de esto, sobre todo en el sureste mexicano, cuando compraron a precios muy bajos, y ahora sabemos que cuestan demasiado dinero, y que incluso se pueden beneficiar de las mismas personas que viven ahí y que viven en cierto grado de pobreza.",0.0,72,06,08,2024
PREGUNTA,"¿Qué va a pasar con este tipo de situaciones, presidente? Sabemos que si bien a lo mejor puede decir ‘no es directamente el director, es la familia’, pues se han beneficiado de ese tipo de cosas, además de contratos.",0.0,39,06,08,2024
PREGUNTA,¿Va a analizar este tipo de asuntos? ¿Le parece correcto que sea así?,0.0,13,06,08,2024
PRESIDENTE ANDRES MANUEL LOPEZ OBRADOR," No, siempre nosotros hemos denunciado todo ese tipo de operaciones fraudulentas, siempre lo hemos denunciado.",0.0,15,06,08,2024
PRESIDENTE ANDRES MANUEL LOPEZ OBRADOR,"Se robaron los gobernantes anteriores de Quintana Roo —y eso sería buen tema para Proceso, la investigación— el fideicomiso de Xel-Há se lo robaron, estamos hablando de miles de hectáreas. Hagan la investigación.",0.0,33,06,08,2024
PRESIDENTE ANDRES MANUEL LOPEZ OBRADOR,"Cuando Fox, vendieron —como a cinco, 10 minutos del aeropuerto internacional— vendieron como 600 hectáreas de manglares a siete pesos —no sé si a siete o a 70 pesos, creo que a 70— el metro cuadrado, lo que cuesta un metro cuadrado de alfombra. De eso tampoco Proceso se ocupó.",0.0,50,06,08,2024
PRESIDENTE ANDRES MANUEL LOPEZ OBRADOR,"Y no tengo información sobre lo que planteas, lo que sí sostengo que hay de parte de Proceso una intención de desacreditar y de calumniar al licenciado Bartlett y al gobierno que yo represento. Basta con ver la portada de Proceso sobre lo que estás hablando, porque da la impresión de que el Tren Maya lo hicimos para favorecer a la familia del licenciado Bartlett.",0.0,65,06,08,2024
PRESIDENTE ANDRES MANUEL LOPEZ OBRADOR,"Es como cuando Carmen Aristegui, otra paladina de la libertad, dio a conocer que el programa Sembrando Vida lo habíamos implementado para que se cultivara cacao para la chocolatera que tienen mis hijos.",0.0,33,06,08,2024
PRESIDENTE ANDRES MANUEL LOPEZ OBRADOR,"Aquí está: ‘El paraíso de los Bartlett en la ruta del Tren Maya’. O sea, es como cuando este premio nobel de periodismo, Tim Golden, pone en su portada… Porque, a ver, ¿qué tiene que ver el Tren Maya?",0.0,39,06,08,2024
PREGUNTA," Bueno, pues…",0.0,2,06,08,2024
PRESIDENTE ANDRES MANUEL LOPEZ OBRADOR," A ver, permíteme.",0.0,3,06,08,2024
PRESIDENTE ANDRES MANUEL LOPEZ OBRADOR,"Es periodismo tendencioso, y es lamentable que el Proceso ya se convirtió en un pasquín inmundo al servicio del conservadurismo.",0.0,20,06,08,2024
PRESIDENTE ANDRES MANUEL LOPEZ OBRADOR,"A ver si está las ocho columnas del periódico del New York Times. No, del otro, del Tim Golden, cuando puso con signos de interrogación… A ver si la gente…",0.0,30,06,08,2024
PRESIDENTE ANDRES MANUEL LOPEZ OBRADOR,"Porque, ¿qué tiene que ver el Tren Maya? Se le pudo dejar ‘El paraíso de los Bartlett en Cancún o en Quintana Roo’, pero era mancharnos o tratar de involucrarnos, y ese es el periodismo mafioso del Proceso, con todo respeto a don Julio.",0.0,44,06,08,2024
PREGUNTA," En realidad, Bartlett, lo que se tiene información…",0.0,8,06,08,2024
PRESIDENTE ANDRES MANUEL LOPEZ OBRADOR, ¿Qué tiene que ver Bartlett también?,0.0,6,06,08,2024
PREGUNTA," No es que como tal se haya por supuesto el Tren Maya para favorecer, evidentemente no. En realidad, parte del… Como sabemos, toda la trayectoria que ha tenido Bartlett por muchos años…",0.0,32,06,08,2024
PRESIDENTE ANDRES MANUEL LOPEZ OBRADOR," Pues sí, pero esa es su trayectoria.",0.0,7,06,08,2024
PREGUNTA," Por ejemplo, en el PRI, pues tuvo…",0.0,7,06,08,2024
PRESIDENTE ANDRES MANUEL LOPEZ OBRADOR," Pero el Tren Maya se empezó a construir hace cuatro, cinco años.",0.0,12,06,08,2024
PREGUNTA,": De información en torno a que en el sureste iba a haber, pues en algún momento por supuesto desarrollo de algún plan que nunca se llevó a cabo como en este gobierno, pero que desde 2012 sí se tenía cómo empezar a planificar el crecimiento en lugares como precisamente el sureste mexicano, iba a ser una zona que por supuesto se estaba desarrollando. Es un poco también lo que usted ha mencionado en torno a la especulación, además.",0.0,79,06,08,2024
PREGUNTA,"Entonces, quisiera preguntarle, presidente: independientemente de lo que menciona, ¿eso exime a la familia de tener este tipo —gracias a maniobras— ese tipo de predios costosísimos ahora?",0.0,27,06,08,2024
PRESIDENTE ANDRES MANUEL LOPEZ OBRADOR," Pues es un asunto de la familia, de lo personal, pero ustedes no tratan así el caso. Incluso si hubiese corrupción, como todos los ciudadanos, tenemos, sí, la obligación de denunciarlo y hay que ir a la fiscalía y presentar una denuncia, pero no calumniar.",0.0,45,06,08,2024
PREGUNTA," Con esto no… Es que son datos del Registro Público, no es que se haya imaginado.",0.0,16,06,08,2024
PRESIDENTE ANDRES MANUEL LOPEZ OBRADOR," Sí, sí, por eso. Pero entonces solicitar a la fiscalía que haga una investigación para ver si hay un conflicto de intereses entre la familia del licenciado Bartlett y él, en este caso como servidor público.",0.0,36,06,08,2024
PREGUNTA, ¿Lo haría usted con los elementos que se están aportando?,0.0,10,06,08,2024
PRESIDENTE ANDRES MANUEL LOPEZ OBRADOR," Sí, que lo haga la fiscalía, sí, pero no es ese el propósito, es una campaña.",0.0,16,06,08,2024
JESUS RAMIREZ CUEVAS," El Universal lo saca, es la misma información, la misma investigación.",0.0,11,06,08,2024
PRESIDENTE ANDRES MANUEL LOPEZ OBRADOR," Sí, es Reforma, es Universal, es lo mismo.",0.0,8,06,08,2024
PRESIDENTE ANDRES MANUEL LOPEZ OBRADOR,"Es como lo que decía yo ayer, que me faltó y aprovecho de una vez para decirlo, porque le pedían 200 millones a Rocío Nahle en Televisa, porque tenían un paquete de información sobre la refinería. Que, miren, ‘arranca Dos Bocas al 50 por ciento’. Bueno, pues de esa refinería.",0.0,50,06,08,2024
PRESIDENTE ANDRES MANUEL LOPEZ OBRADOR,"Y como no les dio los 200 millones, se le fueron con todo —y hay constancia de lo que estoy diciendo— antes de la elección. Incluso llegaron a crear un ambiente —desde luego, arriba— de que se iba a perder Veracruz o, mejor dicho, que Rocío Nahle y el movimiento a favor de la transformación iba a perder Veracruz.",0.0,59,06,08,2024
PRESIDENTE ANDRES MANUEL LOPEZ OBRADOR,"Un poco lo que hacían, se reunían los del bloque conservador con los empresarios, les mostraban encuestas en donde ya estaban empatados y que hacía falta nada más el último jalón, y que cooperaran y les quitaban dinero, los timaron.",0.0,40,06,08,2024
PRESIDENTE ANDRES MANUEL LOPEZ OBRADOR,"Que debería Claudio X. González informar cuánto recibió. Así como por oficio se debe de pedir a la fiscalía que aclare lo de la familia Bartlett con la información de ustedes, así también por oficio Claudio X González debería de decir cuánto dinero recibió, de quién, para la campaña.",0.0,49,06,08,2024
PRESIDENTE ANDRES MANUEL LOPEZ OBRADOR,"Pero también El Universal, que eso es lo que se me pasó ayer, nada más hablé de una televisora. Pero El Universal participó también en la campaña en contra de Rocío Nahle, y eran ocho columnas antes de las lecciones. A ver si encuentran una.",0.0,45,06,08,2024
PRESIDENTE ANDRES MANUEL LOPEZ OBRADOR,"Entonces, ya basta de ese periodismo mafioso, calumniador, chantajista, un periodismo que actúa por consigna, que actúa de manera mercenaria.",0.0,20,06,08,2024
PRESIDENTE ANDRES MANUEL LOPEZ OBRADOR,"Aquí está, miren, el premio nacional. No, premio mundial del periodismo, premio nobel, el Pulitzer dos veces. Fíjense cómo manejó su información: ‘¿Los narcotraficantes canalizaron millones de dólares a la primera campaña del presidente mexicano López Obrador?’ Pero resulta que, de manera truculenta, porque pertenecen al hampa del periodismo, le pone signos de interrogación. Pero díganme si esto no es calumnioso.",0.0,61,06,08,2024
PRESIDENTE ANDRES MANUEL LOPEZ OBRADOR,"Pero, bueno, qué bien que están haciendo esas investigaciones y adelante. Si hay elementos y los tiene que seguir de oficio la fiscalía, que actúe.",0.0,25,06,08,2024
PRESIDENTE ANDRES MANUEL LOPEZ OBRADOR,"Y ahí la llevan, va muy bien Proceso así.",0.0,9,06,08,2024
PREGUNTA," Presidente, en último tema, lo que tiene que ver con Ayotzinapa, nada más: toda esta información en torno a lo que se ha dicho aquí en contra de organizaciones del país, también internacionales, que apuntan a que quieren socavar una institución tan importante para el país como es el Ejército Mexicano en especial, parte de lo que se ha conocido en un informe militar desde 2016 conocido como el ‘análisis de los factores internos y externos que influyeron en la actuación del GIEI y su impacto con el Ejército’, es decir, desde el sexenio pasado, se hablaba ya de este tipo de narrativa.",0.0,103,06,08,2024
PREGUNTA,"Quisiera preguntarle, presidente, si en ese sentido usted de alguna manera ha tenido una especie de sugerencias por parte del Ejército para hablar en torno a qué es lo que ellos consideran que están haciendo organizaciones internacionales para afectar al Ejército en torno al caso Ayotzinapa; es decir, una narrativa que usted retoma del Ejército que ellos tenían desde 2016 y ahora la repite constantemente para que se tenga la idea de lo que el Ejército cree que está pasando con las organizaciones internacionales.",0.0,84,06,08,2024
PREGUNTA,"De hecho, en algún punto ellos ya mencionaban que Estados Unidos eran los que estaban interesados, incluso a usted lo mencionaban como parte del riesgo que pudiera haber para socavar precisamente este tipo de instituciones con los discursos que se tenían cuando el inicio de las investigaciones de Ayotzinapa.",0.0,49,06,08,2024
PRESIDENTE ANDRES MANUEL LOPEZ OBRADOR," Pues ya nosotros hemos hablado bastante de esto. Lo cierto es que antes las agencias y el gobierno de Estados Unidos actuaban sin recato alguno en nuestro país, no respetaban nuestra independencia, nuestra soberanía. Y nosotros lo que hemos planteado es cooperación, pero con respeto a la soberanía.",0.0,48,06,08,2024
PRESIDENTE ANDRES MANUEL LOPEZ OBRADOR,"Y llegaron a sostener que no confiaban en el Ejército, y había injerencia de organismos internacionales en nuestro país. Y se puso orden en eso, básicamente.",0.0,26,06,08,2024
PREGUNTA," ¿Se sostiene, aún con lo que pasó, por ejemplo, con la última captura?",0.0,13,06,08,2024
PRESIDENTE ANDRES MANUEL LOPEZ OBRADOR," Claro que sí. México es un país independiente, soberano, no somos colonia de ningún país extranjero.",0.0,16,06,08,2024
PRESIDENTE ANDRES MANUEL LOPEZ OBRADOR,"Y estamos ayudando en el combate al narcotráfico, porque somos vecinos, amigos.",0.0,12,06,08,2024
PRESIDENTE ANDRES MANUEL LOPEZ OBRADOR,"Y sobre todo por razones humanitarias, porque ellos tienen un problema grave, yo les podría decir, podría sostener que ese es el principal problema de Estados Unidos. No fue lo que sucedió ayer o lo que pueda pasar con crisis económicas o financieras, eso lo pueden superar relativamente fácil, pero la crisis de consumo de droga en Estados Unidos es algo muy grave, y ojalá y lo atiendan. Y que no sea nada más un tema de campaña y mucho menos que sea tema de campaña para culparnos a nosotros.",0.0,90,06,08,2024
PRESIDENTE ANDRES MANUEL LOPEZ OBRADOR,"Pero sí vamos a seguir cooperando, trabajando de manera conjunta, pero con independencia y de acuerdo con nuestra política.",0.0,19,06,08,2024
PRESIDENTE ANDRES MANUEL LOPEZ OBRADOR,"Es lo mismo que sucede en materia de política económica. Nosotros ya no seguimos las recomendaciones del Fondo Monetario Internacional ni nos imponen la agenda los organismos financieros internacionales, como era antes. Eso duró tres décadas, más de 30 años, desde el extranjero nos mandaban las recetas de lo que tenía que hacer el gobierno en materia económica, y siempre para favorecer a una minoría, en contra de la mayoría de los mexicanos. Entonces, eso ya no existe, eso es lamentablemente una historia amarga que nos dañó muchísimo.",0.0,88,06,08,2024
PRESIDENTE ANDRES MANUEL LOPEZ OBRADOR,"Lo mismo en materia de seguridad, ya no está el Plan Mérida. Hace poco… Nada más que ustedes padecen —no ustedes, los dueños de los medios y los directivos— padecen de amnesia, pero ¿qué era lo que hacían las agencias de Estados Unidos en México en materia de seguridad? En vez de ayudar al desarrollo a atender las causas del problema de la violencia, traían helicópteros para llevar a cabo masacres; armamentos.",0.0,72,06,08,2024
PRESIDENTE ANDRES MANUEL LOPEZ OBRADOR,"Bueno, llegaron a aplicar el operativo ese de Rápido y Furioso, se pusieron de acuerdo los gobiernos para introducir armas de contrabando a México. Y como fueron asesinados mexicanos y estadounidenses por ese fallido plan, en vez de hacer una investigación a fondo y castigar a los responsables, como estaban involucrados personajes de arriba, le dieron carpetazo al asunto. Eso ya no.",0.0,62,06,08,2024
PREGUNTA," Pero, y en el caso Ayotzinapa, presidente, el discurso que tiene ahora era un tanto distinto cuando era candidato. ¿Cambió a sugerencia del Ejército?",0.0,24,06,08,2024
PRESIDENTE ANDRES MANUEL LOPEZ OBRADOR," No, no, no, yo soy independiente, yo nada más tengo un amo, que es el pueblo de México. Y yo no puedo mentir, y no puedo robar, y no puedo traicionar al pueblo. ¿Cómo voy a mentir diciendo, sin las pruebas hasta ahora, de que fue el Ejército el que desapareció a los jóvenes de Ayotzinapa, si no tengo las pruebas, si no existen las pruebas?",0.0,66,06,08,2024
PREGUNTA, ¿No debería insistir en saber qué…?,0.0,6,06,08,2024
PRESIDENTE ANDRES MANUEL LOPEZ OBRADOR," Pues no hemos podido contar con las pruebas, pero ya ustedes ya lo convirtieron en consigna. Porque precisamente la entrevista de la señora Anabel Hernández acusando al Ejército sin pruebas se publicó en Proceso, y fue igual que ahora, desde 2016, escribió su libro y su libro tenía un capítulo: ‘Fue el Ejército’, y no hay ninguna prueba.",0.0,58,06,08,2024
PRESIDENTE ANDRES MANUEL LOPEZ OBRADOR,"Bueno, la señora, repito, escribe un libro en contra mía que publica 15 días antes de las elecciones, igual que el premio nobel de periodismo, lo mismo con información de la DEA, y no presenta una prueba, una. ¿Qué, eso no es periodismo mercenario?",0.0,44,06,08,2024
PRESIDENTE ANDRES MANUEL LOPEZ OBRADOR,"Eso no se le debe de hacer a nadie, a ningún ciudadano, pero menos si no se tiene pruebas a quien representa a un país, porque a nosotros nos tienen que respetar, porque yo estoy aquí por decisión del pueblo, yo tengo autoridad legal, legítima. A mí no me impusieron, no soy Calderón, para no mencionar a otras personas, somos distintos, entonces no puedo agachar la cabeza, no.",0.0,68,06,08,2024
PRESIDENTE ANDRES MANUEL LOPEZ OBRADOR,"Entonces, sin ninguna prueba la señora se atreve a decir que me dieron dinero para la campaña en el 2006, y sale su libro.",0.0,24,06,08,2024
PRESIDENTE ANDRES MANUEL LOPEZ OBRADOR,"Y no sólo son las publicaciones de este Tim Golden, son también publicaciones en el New York Times, y millones de mensajes en las redes sociales, pagados porque todo eso cuesta mucho dinero.",0.0,33,06,08,2024
PRESIDENTE ANDRES MANUEL LOPEZ OBRADOR,"Entonces, ya basta de ese periodismo, ese periodismo mercenario, y hay que denunciarlo cada vez más, porque sí son una rémora e impiden que se purifique la vida pública del país, no contribuyen a combatir la corrupción; al contrario, están del lado de los corruptos.",0.0,45,06,08,2024
PRESIDENTE ANDRES MANUEL LOPEZ OBRADOR,¿Quiénes aplauden un reportaje en contra de nosotros?,0.0,8,06,08,2024
PRESIDENTE ANDRES MANUEL LOPEZ OBRADOR,"Pues la minoría rapaz que se dedicó a saquear al país y que ahora están inconformes, más desde hace dos meses, que empezaron a creerse sus propias mentiras y sus propios prejuicios, porque como son muy clasistas, muy racistas, nunca, nunca, nunca entendieron —y ojalá cambien— que todos los mexicanos tenemos derechos y que hay igualdad, y que no hay mexicanos de primera y de segunda, que los potentados son más que los humildes. No, vale lo mismo el voto de un multimillonario en una democracia que la de un campesino; vale lo mismo el voto de un obrero que de un comentarista famosos de radio, de televisión, de un articulista de la prensa escrita; valen lo mismo, pues, el derecho que tiene cualquier mexicano. Entonces, eso les cuesta mucho.",0.0,130,06,08,2024
PRESIDENTE ANDRES MANUEL LOPEZ OBRADOR,"Ahora que Zaid, lean el artículo de Zaid y lean la respuesta de Fabricio Mejía. Pero lo de Zaid es un ejemplo claro de la decadencia del conservadurismo, es la decadencia del pensamiento conservador.",0.0,34,06,08,2024
PRESIDENTE ANDRES MANUEL LOPEZ OBRADOR,"Fíjense su razonamiento, palabras más, palabras menos: ‘El pueblo no sabe decidir, no sabe’; casi-casi el pueblo es ignorante. Un poco lo de su colega Sheridan, que dice que el pueblo no es bueno, ni es trabajador, ni es responsable. O sea, es del mismo grupo, ¿no?, que viene del finado Paz con Krauze. Pero en plena decadencia todo ese grupo.",0.0,61,06,08,2024
PRESIDENTE ANDRES MANUEL LOPEZ OBRADOR,"Dice: ‘El pueblo es tonto’, palabras más, palabras menos. Dice: ‘¡Cómo es que votaron por un proyecto que significa corrupción, violencia’, y no sé qué otra cosa!",0.0,27,06,08,2024
PREGUNTA, Que los engañaron,0.0,3,06,08,2024
PRESIDENTE ANDRES MANUEL LOPEZ OBRADOR," Sí, los engañaron.",0.0,3,06,08,2024
PRESIDENTE ANDRES MANUEL LOPEZ OBRADOR,"Yo le diría al maestro Zaid: Bueno, y entonces, si el pueblo de México está atrasado y es manipulable, ¿qué cosa fue lo que hicieron ustedes durante todo el tiempo que apoyaron el modelo neoliberal o neoporfirista, si el resultado que deja ese modelo es un pueblo manipulable, una sociedad atrasada?",0.0,51,06,08,2024
PRESIDENTE ANDRES MANUEL LOPEZ OBRADOR,"¿Por qué no hacen la autocrítica? ¿De qué sirvió que Zaid apoyara a Fox y a Calderón, y todas las privatizaciones, la modernidad, entre comillas, del periodo neoliberal, si el resultado es que millones de mexicanos son como niños?",0.0,39,06,08,2024
PRESIDENTE ANDRES MANUEL LOPEZ OBRADOR,"Entonces, ¿cuál es el legado que dejó el modelo que ellos defendían o cómo medimos el avance o el atraso en una sociedad?, ¿no es con la actitud y con los hechos del pueblo, con los cambios de mentalidad? Pero no.",0.0,41,06,08,2024
PRESIDENTE ANDRES MANUEL LOPEZ OBRADOR,Es lamentable que después de tanto tiempo lleguen a esas conclusiones.,0.0,11,06,08,2024
PRESIDENTE ANDRES MANUEL LOPEZ OBRADOR,"‘Por qué votaron así’ Así se llama, y aquí explica. Pero cualquier cosa.",0.0,13,06,08,2024
JESUS RAMIREZ CUEVAS, La 3.,0.0,2,06,08,2024
PRESIDENTE ANDRES MANUEL LOPEZ OBRADOR," Sí, la 3, ‘El paternalismo genera agradecimiento filial. El populismo dadivoso que apacha —claro— a los votantes con esto y con aquello, genera votos devotos. Si los opositores prometieran a los votantes: ‘Voy a darle lo mismo o más que Morena’, muchos votantes pensarían: ‘Más vale malo por conocido que bueno por conocer’. Son ni siquiera argumentos, sino dichos anacrónicos, pues.",0.0,61,06,08,2024
PRESIDENTE ANDRES MANUEL LOPEZ OBRADOR,"Miren. ‘Donde los narcos intervinieron en la votación, seguramente fue contra Xóchitl, que fue valiente y hasta temeraria al anunciar que iba contra ellos’.",0.0,24,06,08,2024
PRESIDENTE ANDRES MANUEL LOPEZ OBRADOR,Lamentable la decadencia del pensamiento conservador.,0.0,6,06,08,2024
PRESIDENTE ANDRES MANUEL LOPEZ OBRADOR,"Y al mismo tiempo me alegra mucho el que están surgiendo jóvenes. Pon algo de Fabricio, nada más una respuesta, una. Pero no sólo es Fabricio, están surgiendo muchos jóvenes, mujeres, jóvenes.",0.0,32,06,08,2024
PRESIDENTE ANDRES MANUEL LOPEZ OBRADOR,"Recuerdo que Ciro Gómez Leyva, para justificar que estábamos mal y él queriendo ser objetivo decía: ‘Nuestra generación ha resultado un fracaso, no ha aportado nada’, todavía hasta hace poco. Imagínense la alegría que me produce el que nuestra generación, nos tardamos, pero hayamos participado, nuestra generación, a un cambio como no se veía en mucho tiempo. O sea, al final nuestro legado, la aportación de millones de mexicanos es histórica, es una transformación profunda, o sea, que sí se pudo.",0.0,81,06,08,2024
PRESIDENTE ANDRES MANUEL LOPEZ OBRADOR,"¿Y qué dice, por ejemplo, Fabricio?",0.0,6,06,08,2024
PRESIDENTE ANDRES MANUEL LOPEZ OBRADOR,"Ah, dice Zaid: ‘La violencia y la corrupción y la ineptitud de ese sexenio hacía esperar un voto de castigo, no una ovación’. Claro.",0.0,24,06,08,2024
PRESIDENTE ANDRES MANUEL LOPEZ OBRADOR,¿En dónde? ¿En qué sector? ¿En qué clase social?,0.0,9,06,08,2024
PRESIDENTE ANDRES MANUEL LOPEZ OBRADOR,"Pues arriba, arriba tenía que haber voto de castigo, no una ovación. Pero el señor no se dio por enterado, le voy a tener que mandar a avisar con un telegrama que ahora el pueblo es actor, es protagonista en la transformación de México, porque no lo notaron, no se dieron cuenta de estos reacomodos, no percibieron el empoderamiento del pueblo.",0.0,61,06,08,2024
PRESIDENTE ANDRES MANUEL LOPEZ OBRADOR,"Y nunca, aunque digan lo contrario porque simulan mucho, han querido la aplicación en nuestro país de un verdadero sistema democrático, no. Quieren kratos sin demos, poder sin pueblo; entonces, no se dieron cuenta de que ahora sí es demos y kratos, poder y pueblo, pueblo y poder.",0.0,48,06,08,2024
PRESIDENTE ANDRES MANUEL LOPEZ OBRADOR,"Y entonces, dice: ‘El autor que firma —Zaid— no reconoce los avances contra la corrupción y la inseguridad’. Y da un dato, uno: ‘El índice de percepción de inseguridad del Inegi —claro que puede decir Zaid: ‘es que la percepción tiene que ver con la manipulación’— mide que en 2018 el 74 por ciento de los mexicanos se sentía inseguro; para 2023 ya había bajado al 59, o que Transparencia Internacional…’ nos consideraba menos corruptos como país. Pero eso no son argumentos.",0.0,82,06,08,2024
JESUS RAMIREZ CUEVAS," Luego, lo de Massive Caller.",0.0,5,06,08,2024
PRESIDENTE ANDRES MANUEL LOPEZ OBRADOR," Ah, esa es buenísima, dice, fíjense la decadencia. Y es, con todo respeto, un hombre mayor, y sabiendo para los conservadores:",0.0,21,06,08,2024
PRESIDENTE ANDRES MANUEL LOPEZ OBRADOR,"‘Agunas encuestas indicaban que ganaría Claudia con una ventaja sobre Xóchitl que parecía disminuir hacia el empate —una sola encuestadora— o, más aún, la derrota de Claudia. La inesperada ventaja de 32 por ciento que obtuvo Claudia en las urnas fue superior a la que obtenía en las encuestas’. No es cierto, había varias encuestas que daban esa ventaja.",0.0,59,06,08,2024
PRESIDENTE ANDRES MANUEL LOPEZ OBRADOR,"‘Es sorprendente. Implica que millones de votantes cambiaron de opinión a última hora —no cometió ningún error garrafal Xóchitl en los últimos días, no, fue algo bastante parejo su planteamiento— o que a última hora muchos entrevistados ocultaron su preferencia por la candidata oficial.’",0.0,44,06,08,2024
PRESIDENTE ANDRES MANUEL LOPEZ OBRADOR,Dice Fabricio:,0.0,2,06,08,2024
PRESIDENTE ANDRES MANUEL LOPEZ OBRADOR,"‘Aquí hay dos cosas que decir: primero, ingeniero —que Zaid es ingeniero, como Krauze—, su fuente sólo puede ser Massive Caller —esa encuestadora— porque jamás en ninguna encuesta seria hubo ningún empate entre Xóchitl y la actual presidenta de México. Para las encuestas serias, los votantes ya habían decidido por quién votar en un 80 por ciento para mayo’. Desde mayo en las encuestas. Pero además no es posible eso, que de la noche a la mañana cambien millones como él dice, sólo que hubiese pasado una cosa así excepcional.",0.0,90,06,08,2024
PRESIDENTE ANDRES MANUEL LOPEZ OBRADOR,"‘Nadie cambió de opinión, como dice, pero hay un dato relevante: en efecto, hubo mucha gente que dijo que iba a votar por Xóchitl y que, a la mera hora, no lo hizo; tenía 33 por ciento en las encuestas y no pasó del 27 en la elección. Quizá se debe a que existió mucha presión en ciertos ámbitos laborales para decir que no se iba a votar por el obradorismo’. Sí, eso también existió.",0.0,75,06,08,2024
…,Trabajadores. Me consta que en el 2006 los Coppel,0.0,9,06,08,2024
JESUS RAMIREZ CUEVAS, También ahora.,0.0,2,06,08,2024
PRESIDENTE ANDRES MANUEL LOPEZ OBRADOR, ¿También ahora?,0.0,2,06,08,2024
JESUS RAMIREZ CUEVAS, A todos sus empleados para pedirles que votaran por…,0.0,9,06,08,2024
PRESIDENTE ANDRES MANUEL LOPEZ OBRADOR, Mandaron una carta a sus trabajadores diciéndole en el 2006 —me consta— que iba a ser una desgracia si ganábamos y que se iban a quedar si trabajo o algo así.,0.0,31,06,08,2024
PRESIDENTE ANDRES MANUEL LOPEZ OBRADOR,¿Y qué hizo la gente?,0.0,5,06,08,2024
PRESIDENTE ANDRES MANUEL LOPEZ OBRADOR,"Pues se quedó callada. Si le preguntabas, ‘sí, por Xóchitl’, pero a la hora de la hora, pues el voto es libre, secreto y les dijeron: ‘¡Toma tu Champotón!’. Precisamente por el ninguneo, el querer menospreciar al pueblo.",0.0,38,06,08,2024
PRESIDENTE ANDRES MANUEL LOPEZ OBRADOR,Pues eso es lo que está pasando.,0.0,7,06,08,2024
PRESIDENTE ANDRES MANUEL LOPEZ OBRADOR,Adelante.,0.0,1,06,08,2024
PREGUNTA," Gracias, presidente. Buenos días.",0.0,4,06,08,2024
PREGUNTA,"Alejandro Cabral, de la Asociación Mundial de Radios Comunitarias y de Política y Rock and Roll Radio en Hermosillo, Sonora.",0.0,20,06,08,2024
PREGUNTA,"Las coincidencias son interesantes, porque casi no vengo para esta conferencia y me toca coincidir en un día importante para mí, importante para los sonorenses: se cumplen 10 años del derrame de tóxicos en el río Sonora. Y tal vez deberíamos de decirle el derrame, de uno de los derrames deberíamos de decir, porque cuando se realizó ese derrame fuimos a entrevistar a la gente del río Sonora y nos platicaban, con fechas, de cuando el río se puso amarrillo, de cuando el río se puso rojo, de los distintos derrames que ha habido en la historia por el mismo Grupo México.",0.0,102,06,08,2024
PREGUNTA,"A mí me tocó a hacer dos recorridos completos, entrevistando personas en los días posteriores. Nos enteramos tres días después, fuimos a platicar con la población. Y hasta el día de hoy, 10 años después, hay gente de los distintos ocho municipios del río Sonora que tiene que beber agua y lavar y usar el agua purificada importada de fuera de su pueblo, porque el agua que tienen ahí enseguida, corriendo enseguida de sus casas, no sirve.",0.0,77,06,08,2024
PREGUNTA,"Esto afectó principalmente a las mujeres, lo sabemos, que son quienes hacen las labores del hogar, quienes tenían que ir a cargar agua en esos días; afectó el turismo, que estaba levantando en la zona; a la exportación del ajo. Bueno, mil cosas se afectaron.",0.0,45,06,08,2024
PREGUNTA,"Nos tocó documentar la supuesta limpieza del río Sonora, que no fue tal, tenían a los trabajadores inexpertos sin equipo de seguridad. Cuando los entrevistamos les decíamos: ¿Qué están usando para hasta dónde sacar la tierra? ‘Ahí donde se ve, donde se ve manchado hasta ahí vamos a sacar’. Como si los tóxicos no penetraran en la tierra, como si no dejaran de verse en algún momento. Estaban con palas y carretillas sacando la tierra hasta donde consideraban, hasta donde el ojo les daba.",0.0,84,06,08,2024
PREGUNTA,"Así se hizo la limpieza, que no fue tal, pero que Grupo México presumió en su cadena de cines, cada que íbamos a sentarnos a ver una película nos decían todo lo bien que habían hecho por esas comunidades y que debían sentirse agradecidas de tener al Grupo México porque les estaba cambiando la vida para bien.",0.0,57,06,08,2024
PREGUNTA,"Hay ocho municipios involucrados en este derrame declarados como zona de riesgo, de peligro. Creo que falta el noveno, que es Hermosillo, porque el agua termina llegando a Hermosillo, pero nunca se declaró porque el río se detiene antes, en la presa.",0.0,42,06,08,2024
PREGUNTA,"Al día de hoy faltan muchas cosas. Hoy hay un evento grande en mi ciudad, en Hermosillo, para visibilizar esto, en los pueblos lo van a recordar. Ayer se hizo un festival, un festival cultural. Y posiblemente es lo único que nos queda ahorita a los ciudadanos, el recuerdo, el hacer eventos para que no se nos olvide. Pero faltan muchas cosas por hacer.",0.0,64,06,08,2024
PREGUNTA,"Yo le expongo esto, cómo se dieron las cosas. Sabemos que hay un plan, sabemos que hay muchas cosas, pero no quiero introducir mucho en eso, más bien quisiera que usted nos dijera en qué va el asunto del río Sonora y que nos puede decir a 10 años.",0.0,49,06,08,2024
PRESIDENTE ANDRES MANUEL LOPEZ OBRADOR," Bueno, primero que eran los tiempos en que mandaban los poderosos, los oligarcas, ellos tenían el gobierno.",0.0,17,06,08,2024
PRESIDENTE ANDRES MANUEL LOPEZ OBRADOR,"Un poco antes sucedió lo de Pasta de Conchos y también el gobierno no hizo nada. Y muchas otras cosas. Era la época del auge, de la política neoliberal, neoporfirista, mandaba un pequeño grupo y por eso no hicieron nada o simularon, y quedó pendiente ese tema.",0.0,47,06,08,2024
PRESIDENTE ANDRES MANUEL LOPEZ OBRADOR,"Nosotros hemos reabierto el caso, ya se tiene un dictamen que se presentó, está en las redes sociales, y se está pidiendo que la empresa se haga cargo de los daños, y se está planteando que se resuelva el problema de la contaminación del agua, esto lo está viendo la Secretaría de Gobernación. Y hay reuniones constantes, permanentes. Pero ya se publicó hace como cuatro meses el dictamen acerca de los daños que se mantienen y que afectan a la población.",0.0,81,06,08,2024
PREGUNTA," En aquel entonces, cuando estábamos un grupo de periodistas recorriendo el río Sonora, muchos periodistas nacionales e internacionales que nos pidieron que los guiáramos también, recuerdo a una periodista extranjera que había cubierto algunas cuestiones de tóxicos y nos decía. ‘Lo primero que tiene que hacer el gobierno aquí es construir un hospital contra el cáncer, porque viene un problema de cáncer en la región tremendo’.",0.0,66,06,08,2024
PREGUNTA,"Lo que se hizo fue una clínica en Ures, la promesa de una clínica en Ures, que quedó en obra negra; la última que fui yo a reportear, que fue hace unos meses, estaba una yegua embarazada pastando ahí en el pasto inmenso del edificio abandonado. Aun hoy no se ha terminado ese hospital, un hospital para la sierra que tenga que ver con algo oncológico. No sé si esto está previsto también en el plan.",0.0,76,06,08,2024
PRESIDENTE ANDRES MANUEL LOPEZ OBRADOR," Sí, sí se está viendo de manera integral. A mí me gustaría que informara Luisa María sobre esto, a ver si lo hacemos esta semana, para que les informen cómo van, qué avances hay.",0.0,34,06,08,2024
PREGUNTA," Y otro asunto. No le voy a negar que hace meses que tengo la pregunta dándome vueltas en la cabeza, porque usted ha hablado mucho de la ONU, de que es un florero y los organismos internacionales; no sólo la ONU, sino muchos de ellos, que sirven para poco o para nada. Y al mismo tiempo, muchas páginas de la prensa y muchos líderes mundiales lo consideran a usted una voz importante en el concierto de las naciones, el mundo a volteado a ver al presidente mexicano y a volteado a ver a México.",0.0,94,06,08,2024
PREGUNTA,"Usted dijo muchas veces que la mejor política exterior es la interior, y eso lo ha demostrado, pero yo me pregunto: ¿por qué no haber ido a la ONU a decirles esto?",0.0,32,06,08,2024
PREGUNTA,"¿Tiene pensado antes de terminar su mandato ir a algún organismo internacional? Sabemos que lo dice en las conferencias de prensa, y las conferencias la ven, pero decirles así en su territorio: ‘Esto es lo que México piensa, esto es lo que México propone’.",0.0,44,06,08,2024
PREGUNTA,"Porque también tenía usted un plan, lo recuerdo, que en algún momento lo dijo, de cómo dinamizar estos organismos. ¿Tiene pensado hacer alguna visita a algún organismo o ya no?",0.0,30,06,08,2024
PRESIDENTE ANDRES MANUEL LOPEZ OBRADOR," Ya no voy a salir, no.",0.0,6,06,08,2024
PRESIDENTE ANDRES MANUEL LOPEZ OBRADOR,"Y, además, ya fui al Consejo de Seguridad de la ONU y llevé un planteamiento, y está yo creo que en las redes, y hablé con claridad sobre la ONU y de los problemas del mundo que afectan a millones de seres humanos.",0.0,43,06,08,2024
PRESIDENTE ANDRES MANUEL LOPEZ OBRADOR,"Hablé de que hay mil millones de personas en el mundo que sobreviven con un dólar diario. Y, además, hice un planteamiento para que los multimillonarios aportaran una cantidad, para ellos mínima de sus riquezas, y se constituyera una bolsa para garantizar la alimentación de la gente más pobre en el mundo. Hice el planteamiento; ni siquiera lo pasaron a la Asamblea General.",0.0,63,06,08,2024
PRESIDENTE ANDRES MANUEL LOPEZ OBRADOR,"Luego, ahí propusimos lo de una vacuna, cuando la pandemia, crear un fondo para que no se acapararan las vacunas, fue una propuesta nuestra; se aprobó. Resultó que empezó a funcionar ese organismo, se empezó a aportar recursos, incluso por adelantado, y no cumplieron, no cumplieron; o sea, fueron los que tardaron más en entregar las vacunas porque siguieron dándole preferencia a los países más fuertes, las potencias. Y estaba afectando mucho la pandemia, y los países del mundo, la mitad de los países del mundo no tenían vacunas.",0.0,89,06,08,2024
PRESIDENTE ANDRES MANUEL LOPEZ OBRADOR,"Yo recuerdo que nosotros aquí apoyamos como a cinco, a 10 países. Me acuerdo que enviamos vacunas hasta Paraguay, en solidaridad. Y ese fondo nunca funcionó, por poner estos ejemplos.",0.0,30,06,08,2024
PRESIDENTE ANDRES MANUEL LOPEZ OBRADOR,"Sí hemos hecho propuestas, pero tiene que llevarse a cabo una reforma en la ONU porque, la verdad, no hacen nada. Relatores para todo, y muy acomodaticios, por lo general mucha gente de derecha, conservadora, que no le tiene amor al pueblo, pero que ganan muy bien, mucho muy bien. Uno de esos relatores de la ONU, el relator de la ONU en México, debe estar ganando el doble de lo que yo gano; entonces, ¿qué hace? Enviar un reporte.",0.0,80,06,08,2024
PRESIDENTE ANDRES MANUEL LOPEZ OBRADOR,"Como también las organizaciones no gubernamentales, que fue otro invento del periodo neoliberal, la llamada sociedad civil, viven también de las aportaciones de gobiernos extranjeros, pues ahí se aplauden, se alimentan, se nutren mutuamente.",0.0,34,06,08,2024
PRESIDENTE ANDRES MANUEL LOPEZ OBRADOR,"Entonces, todo eso tiene que cambiar en México y en el mundo. En México está cambiando y va a seguir cambiando.",0.0,21,06,08,2024
PRESIDENTE ANDRES MANUEL LOPEZ OBRADOR,"Yo por eso también trató el tema de las organizaciones de derechos humanos, de medioambiente, de la defensa de la diversidad sexual, todos, todos, todos estos temas, porque creo que todo esto también fue alentado en el momento en que se impuso con más fuerza la política neoliberal en el mundo para que se desviara la atención y que cada quien se ocupara de un asunto sectorial, gremial, pero que no atendiéramos lo relacionado con la distribución de la riqueza, con la situación de los pobres, con el saqueo de los recursos naturales. Y nos entretuvieron con eso, y desde luego que todo es importante, todo, pero lo más importante es transformar.",0.0,112,06,08,2024
PRESIDENTE ANDRES MANUEL LOPEZ OBRADOR,No se puede llevar a cabo un cambio profundo para que no se violen los derechos humanos si se tiene un gobierno autoritario.,0.0,23,06,08,2024
PRESIDENTE ANDRES MANUEL LOPEZ OBRADOR,¿Quién es el principal violador de los derechos humanos?,0.0,9,06,08,2024
PRESIDENTE ANDRES MANUEL LOPEZ OBRADOR,"Pues el Estado autoritario. Si no se tiene un Estado autoritario, si se tiene un Estado democrático, pues no hay violación de derechos humanos; luego entonces ¿qué es lo que se tiene que hacer? ¿Qué es lo primero? Luchar en contra de los Estados autoritarios, no estar creando sólo organismos para la defensa de los derechos humanos.",0.0,57,06,08,2024
PREGUNTA," Y lo siguiente es el cambio cultural, que ese se nos toca a todos, y a nosotros como periodistas nos toca especialmente.",0.0,22,06,08,2024
PREGUNTA,"Y en ese sentido, presidente, le debo confesar que, durante seis años, sabiendo que venía un cambio, que había un espíritu transformador, no sólo en el gobierno, sino en distintas instancias, tocamos puertas, arrastramos mucho el lápiz, tuvimos muchas reuniones, pero no logramos cambiar la Ley de Telecomunicaciones y Radiodifusión. Hubo alianzas con diputadas, diputados, pero no logramos tener esa coincidencia. Incluso la misma secretaría de Gobernación en algún momento nos ayudó a pensar en una estrategia y no la pudimos realizar.",0.0,82,06,08,2024
PREGUNTA,"Hoy en día tenemos buen diálogo con legisladoras, legisladores entrantes, lo digo aquí abiertamente sabiendo que esta es una tribuna que ven para recordarles que estamos en esa lucha, y que vamos a seguir tocando las puertas para cambiar la Ley de Telecomunicaciones, que nos permita a las radios comunitarias fortalecernos para tener más herramientas para apoyar esta transformación, este cambio cultural que es tan necesario.",0.0,66,06,08,2024
PREGUNTA,"Cada quien lo hacemos de nuestra manera, pero creemos que necesitamos no estar pensando en cómo pagar el recibo de la luz, sino estar pensando en cómo hacer periodismo de verdad.",0.0,31,06,08,2024
PREGUNTA,"Y, en este sentido, sí le quisiera pedir un exhorto de su parte en esta conferencia, porque la Ley de Telecomunicaciones que tenemos nos brinda un pedacito de financiamiento por parte de la publicidad gubernamental, el uno por ciento, eso quiere decir que el 99 queda en el resto de los medios; pero únicamente para el gobierno federal, Cámara de Diputados, Cámara de Senadores, Poder Judicial, no han querido dar ese porcentaje; pero tampoco lo han hecho los gobernadores, las gobernadoras, porque dicen que la ley no los obliga, sino que les dice: ‘Podrán hacerlo’.",0.0,95,06,08,2024
PREGUNTA,"Sabemos que usted tiene mucha influencia con los gobiernos estatales y tal vez, antes de que se vaya, que les dé un exhorto tal vez desde aquí, que se avienten.",0.0,30,06,08,2024
PRESIDENTE ANDRES MANUEL LOPEZ OBRADOR," Sí, desde ahora, que se apoye a los medios verdaderamente independientes de comunicación, que ya basta de estar apoyando a las grandes empresas de información y de manipulación, que han dominado en nuestro país. Y que ahora que están las redes sociales y que hay estos medios alternativos, pues hay que apoyarlos.",0.0,52,06,08,2024
PRESIDENTE ANDRES MANUEL LOPEZ OBRADOR,Yo celebro mucho que se va a tener el viernes 31…,0.0,11,06,08,2024
JESUS RAMIREZ CUEVAS, El 30.,0.0,2,06,08,2024
PRESIDENTE ANDRES MANUEL LOPEZ OBRADOR, 30.,0.0,1,06,08,2024
PREGUNTA, 30 y 31.,0.0,3,06,08,2024
PRESIDENTE ANDRES MANUEL LOPEZ OBRADOR," Pero aquí vamos a estar. Ese encuentro para fortalecer a los medios independientes, alternativos. Va a ayudar mucho, porque esto se tiene que replicar en el mundo; si no, van a seguir imponiéndose los potentados. Y hay que aprovechar las nuevas tecnologías para que se informe, para que se siga despertando consciencias.",0.0,52,06,08,2024
PRESIDENTE ANDRES MANUEL LOPEZ OBRADOR,"Más que nada, informando. Yo no diría orientar, concientizar; informar, es que no hay información, la esconden.",0.0,17,06,08,2024
PRESIDENTE ANDRES MANUEL LOPEZ OBRADOR,"¿Qué información puede haber en El Universal, con esto que estamos viendo? Por cierto, pongan El Universal.",0.0,17,06,08,2024
JESUS RAMIREZ CUEVAS, ¿El de hoy?,0.0,3,06,08,2024
PRESIDENTE ANDRES MANUEL LOPEZ OBRADOR," No. Puede ser el de hoy, puede ser cualquiera, pero el de Nahle, porque es el mismo. Miren, ‘Rocío Nahle amasa en cinco años fortuna inmobiliaria’.",0.0,26,06,08,2024
PRESIDENTE ANDRES MANUEL LOPEZ OBRADOR,"Estos fueron bien atendidos por los políticos corruptos de Veracruz, los verdaderos corruptos de Veracruz, y no tengo duda.",0.0,19,06,08,2024
PRESIDENTE ANDRES MANUEL LOPEZ OBRADOR,"Porque sí les platiqué que después del 2006 me distancié o nos distanciamos con Ealy Ortiz, Francisco, a mi amigo Ealy Ortiz. Él apoyó el fraude electoral y a partir de entonces todo en contra de nosotros, o no existíamos; y ya como en el 18, del 6 al 18, sin relaciones, como 10 años.",0.0,55,06,08,2024
PRESIDENTE ANDRES MANUEL LOPEZ OBRADOR,"De repente, con un amigo en común me manda a decir que quería reunirse conmigo porque quería platicar. Y me ofrece disculpas —esto como en el 16, más o menos, 2016— en casa de un amigo. Y le digo: No hombre, así es esto, ¿no? El que no quiera ver visiones que no salga de noche. Yo estoy luchando por una causa y sé que tengo que pagar una cuota de humillación, pero no dejo de luchar, porque la causa vale mucho la pena, es la transformación del país. Y ya.",0.0,91,06,08,2024
PRESIDENTE ANDRES MANUEL LOPEZ OBRADOR,"-No, pero yo voy a ayudar en…",0.0,7,06,08,2024
PRESIDENTE ANDRES MANUEL LOPEZ OBRADOR,"-No, pues ojalá se informe de lo que hacemos.",0.0,9,06,08,2024
PRESIDENTE ANDRES MANUEL LOPEZ OBRADOR,"Como al mes —por eso no sé si es 18 o 12— como al mes de esa plática de reconciliación surge un asunto en Veracruz en donde a una diputada de… Me acuerdo su nombre porque es bíblico, Eva, le dan un dinero, la filman en un hotel. A ver, ¿cuándo fue eso?",0.0,53,06,08,2024
PRESIDENTE ANDRES MANUEL LOPEZ OBRADOR,"Y estaba Yunes, creo que era gobernador o estaba de candidato, alguna cosa. Y la señora había estado en un acto conmigo en Las Choapas, Veracruz, y se había tomado una foto conmigo abrazada. Y agarran la foto y luego las fotos donde le están dando el dinero. Y una campaña desatada.",0.0,52,06,08,2024
PRESIDENTE ANDRES MANUEL LOPEZ OBRADOR,Fue no sé si el 12 o el 18.,0.0,9,06,08,2024
JESUS RAMIREZ CUEVAS, 17.,0.0,1,06,08,2024
PRESIDENTE ANDRES MANUEL LOPEZ OBRADOR," 17, sí, sí, fue antes de la elección.",0.0,8,06,08,2024
PRESIDENTE ANDRES MANUEL LOPEZ OBRADOR,¿Y por qué?,0.0,3,06,08,2024
PRESIDENTE ANDRES MANUEL LOPEZ OBRADOR,"Por el dinero, por ese poderos caballero don dinero.",0.0,9,06,08,2024
PRESIDENTE ANDRES MANUEL LOPEZ OBRADOR,"Entonces, ya la reconciliación ya no se dio, ya no se dio y desde entonces ya no nos volvimos a ver. Pero tampoco es mi enemigo, yo no tengo enemigos ni quiero tenerlos, pero sí yo pienso que ya basta, ¿no?, de ese periodismo mercenario, que le ha hecho mucho daño, mucho, mucho, mucho daño a nuestro país.",0.0,58,06,08,2024
PRESIDENTE ANDRES MANUEL LOPEZ OBRADOR,"Entonces, por eso lo de Rocío.",0.0,6,06,08,2024
PRESIDENTE ANDRES MANUEL LOPEZ OBRADOR,"Ah, y también, ¿no?, así como el señor Zaid, decían que se iba a perder. Ganó Rocío con 27 puntos de ventaja, ¡27 puntos de ventaja! Y todavía hay quienes no lo creen, todavía no. Y a nivel nacional lo mismo, hablan hasta del uso, o sea, que usamos la inteligencia artificial, como Zaid, que los hipnotizamos a millones.",0.0,59,06,08,2024
PRESIDENTE ANDRES MANUEL LOPEZ OBRADOR,Adelante.,0.0,1,06,08,2024
PREGUNTA," Presidente, buenos días.",0.0,3,06,08,2024
PREGUNTA,"Pedro Villa y Caña, del periodo El Universal.",0.0,8,06,08,2024
PREGUNTA,"Presidente, preguntarle cuál es el balance que tiene de la jornada ayer de los mercados, del llamado ‘lunes negro’. ¿Cuál es el balance de la situación aquí en México por estos hechos en materia económica?",0.0,35,06,08,2024
PRESIDENTE ANDRES MANUEL LOPEZ OBRADOR," Bueno, nosotros hemos resistido. No sé cómo esté ahora el peso. Ponlo. Nosotros pasamos la prueba, porque fue una crisis mundial en las finanzas, se cayeron las monedas en todos lados, las bolsas en todos lados, y en el caso de nosotros estamos 19.32.",0.0,44,06,08,2024
PRESIDENTE ANDRES MANUEL LOPEZ OBRADOR,"Para tener una idea de cómo estamos, a ver si tenemos la del mundo, cómo está el peso con relación al mundo. Estábamos en primer lugar seis años, casi seis años, como la moneda más fuerte con relación al dólar, el peso, y con esto nos caímos al segundo lugar en el mundo; o sea, aún con esto, se apreció. Pero todavía hay un incremento del cinco por ciento, o sea, no hay devaluación, como todos los demás. Sólo dos países en el mundo. Y estábamos arriba del franco suizo, estábamos nosotros en 10, y ellos estaban como en seis.",0.0,100,06,08,2024
PRESIDENTE ANDRES MANUEL LOPEZ OBRADOR,"¿Por qué no pones la gráfica de las devaluaciones en México? A nosotros nos faltan creo que 40 días para terminar, más o menos; entonces, es muy probable que lleguemos al último día de gobierno sin devaluación, y esto no se había visto desde 1970, desde hace más de 50 años.",0.0,51,06,08,2024
PRESIDENTE ANDRES MANUEL LOPEZ OBRADOR,"Miren, lo que se devaluó con Miguel de la Madrid el peso, cuatro mil por ciento la devaluación; con Salinas 49 por ciento; con Zedillo, el gran tecnócrata, sí, de los de arriba, 172 por ciento de devaluación; ya con Fox menos, 15 por ciento; con Calderón 20 por ciento, con Peña 43 por ciento de devaluación.",0.0,57,06,08,2024
JESUS RAMIREZ CUEVAS, Ahorita llevamos cinco.,0.0,3,06,08,2024
PRESIDENTE ANDRES MANUEL LOPEZ OBRADOR," Sí, es que este es anterior, pero tenemos cinco arriba, se ha apreciado el peso.",0.0,15,06,08,2024
PRESIDENTE ANDRES MANUEL LOPEZ OBRADOR,"Entonces, si llegamos a finales de septiembre sin caernos, pues va a ser histórico, como muchas otras cosas que son históricas: inversión extranjera, reservas del Banco de México, incremento al salario, el desempleo es el más bajo en décadas. Y así en muchas otras cosas.",0.0,45,06,08,2024
PREGUNTA," Presidente, como segunda pregunta, ayer Claudia Sheinbaum…",0.0,7,06,08,2024
PRESIDENTE ANDRES MANUEL LOPEZ OBRADOR," Nada más que también hay que tener cuidado. Esta crisis se produjo en Estados Unidos y luego en Japón, y hay que tener cuidado porque ya son avisos de que la economía mundial no anda bien, sobre todo de las potencias, y hay que estar muy pendientes.",0.0,47,06,08,2024
PRESIDENTE ANDRES MANUEL LOPEZ OBRADOR,"Nosotros soportamos, aguantamos, porque no tenemos una deuda inmanejable, cuidamos no endeudarnos, está muy bien la recaudación, tenemos una economía fuerte, pero es un mundo interrelacionado, nosotros estamos muy integrados ya a la economía de Estados Unidos. Entonces, no es que surgió allá esta crisis por el anuncio del aumento en el desempleo, sino que se corre, desde luego nos afecta a nosotros, y a todo el mundo. Ojalá y esto no pase, que no haya más crisis en Estados Unidos ni en ningún lugar.",0.0,85,06,08,2024
PREGUNTA," Presidente, ayer Claudia Sheinbaum, virtual presidenta electa, se reunió con diversos gobernadores, entre ellas destacó la figura de Maru Campos, la gobernadora de Chihuahua, que ha tenido diferentes con su gobierno. Ella hablaba de que son tiempos de reconciliación.",0.0,39,06,08,2024
PREGUNTA,"¿En esta gira que va a hacer este fin de semana planea que lo acompañe, que esté presente en los actos que realice en el estado?",0.0,26,06,08,2024
PRESIDENTE ANDRES MANUEL LOPEZ OBRADOR," Vamos a un asunto del Seguro Social básicamente, es un asunto de supervisión básicamente.",0.0,14,06,08,2024
PREGUNTA," Entonces, ¿no se prevé que se puedan reunir en la entidad? ¿No se prevé que se puedan reunir en la entidad?",0.0,21,06,08,2024
PRESIDENTE ANDRES MANUEL LOPEZ OBRADOR," No, no.",0.0,2,06,08,2024
PREGUNTA," Presidente, siguiendo el tema de salud, hace unos días se dio a conocer una auditoría que hizo el año pasado Birmex, una auditoría externa que ordenó este organismo, en donde señala que, por un deficiente control de calidad en productos caducos, medicamentos, se tuvieron que gastar más de mil millones en la destrucción de estos medicamentos. ¿Cuál es la situación que guarda Birmex en el tema de los medicamentos?",0.0,69,06,08,2024
PRESIDENTE ANDRES MANUEL LOPEZ OBRADOR," Bien, bien, bien. Lo que pasa, que ahí también ustedes, ahí en El Universal, como otros, ¿no?, Loret de Mola, todos los que vendían medicinas antes al gobierno, no quieren que cambien las condiciones. Y desde que me acuerdo, siempre El Universal ha estado en contra de todo lo que hacemos en materia de salud.",0.0,55,06,08,2024
PRESIDENTE ANDRES MANUEL LOPEZ OBRADOR,"No estoy enterado de que haya problema en Birmex. Está mejorando el abasto de medicamentos en todo el país. Y los martes aquí informamos, el próximo martes van a estar los de Salud y les informamos sobre el abasto de medicamentos; pero está bien, vamos muy bien, bien y de buenas.",0.0,51,06,08,2024
PRESIDENTE ANDRES MANUEL LOPEZ OBRADOR,Y vámonos a desayunar.,0.0,4,06,08,2024
PREGUNTA," Presidente, nada más una precisión sobre el ‘Mayo’: cuando se refiere al pacto o, bueno, a las pláticas, ¿se refería solamente a Joaquín Guzmán o los dos, a los dos capos, la información que le ha dado?",0.0,37,06,08,2024
PRESIDENTE ANDRES MANUEL LOPEZ OBRADOR," No, la que tenemos es de uno.",0.0,7,06,08,2024
PREGUNTA, ¿Cuál de los dos? Si nos puede decir.,0.0,8,06,08,2024
PRESIDENTE ANDRES MANUEL LOPEZ OBRADOR, Guzmán López.,0.0,2,06,08,2024
PREGUNTA, ¿Del ‘Mayo’ no le han informado nada?,0.0,7,06,08,2024
PRESIDENTE ANDRES MANUEL LOPEZ OBRADOR," No, lo que nos informaron fue de Guzmán López, o sea, es que tenían ellos —¿por qué no explicas?—, tenían pláticas con él y que de repente no sólo llegó Guzmán López, sino llegó el señor Zambada.",0.0,37,06,08,2024
ROSA ICELA RODRIGUEZ VELAZQUEZ, ¿Puedo explicar que (inaudible),0.0,4,06,08,2024
PRESIDENTE ANDRES MANUEL LOPEZ OBRADOR, No.,0.0,1,06,08,2024
ROSA ICELA RODRIGUEZ VELAZQUEZ," Mejor uno consulta, ¿verdad?",0.0,4,06,08,2024
PRESIDENTE ANDRES MANUEL LOPEZ OBRADOR," No, es que, miren, es de lo mejor que hay como servidora pública, pero en este asunto lo que queremos… Aunque ustedes —además, lo hacen de manera legítima, es su trabajo de ustedes, ustedes son mirones profesionales— quieren más información, nosotros tenemos que cuidar hasta tener información oficial, porque es un asunto delicado.",0.0,53,06,08,2024
PRESIDENTE ANDRES MANUEL LOPEZ OBRADOR,"Imagínense ustedes si no es delicado, que, como aquí se dijo, estamos hablando de uno de los grupos de más fama, tradición y actividad ilícita durante mucho tiempo. Entonces nosotros no queremos que una decisión que se tomó en este sentido, este acuerdo o no acuerdo, nos vaya a generar un conflicto interno mayor. Pero nosotros tenemos que cuidar, sobre todo, la vida de los mexicanos, de todos los mexicanos, de todos. Entonces, no queremos especular, si no vamos a actuar a partir de la información.",0.0,86,06,08,2024
ROSA ICELA RODRIGUEZ VELAZQUEZ," Ya lo dijo, presidente.",0.0,4,06,08,2024
PRESIDENTE ANDRES MANUEL LOPEZ OBRADOR, No. Lo que te informaron a ti oficialmente y hasta donde tenemos información.,0.0,13,06,08,2024
ROSA ICELA RODRIGUEZ VELAZQUEZ," De acuerdo, presidente.",0.0,3,06,08,2024
ROSA ICELA RODRIGUEZ VELAZQUEZ,"La parte de lo que corresponde de lo que aquí ya se ha informado es que en Estados Unidos hubo un acuerdo entre las personas que están, digamos, en reclusión con las personas que están libres, y hubo un acuerdo entre ellos para la entrega respectiva, para que fueran a entregarse a Estados Unidos. Y pues básicamente en eso consiste. Y todo lo demás que se ha dado, que es público, que así han sido —digamos— las condiciones, y que fueron capturados en Estados Unidos sin la intervención de México, a nosotros nos importa mucho recalcar esa parte, decir en qué sí participamos y en qué no.",0.0,107,06,08,2024
ROSA ICELA RODRIGUEZ VELAZQUEZ,"Y seguimos con Estados Unidos, como aquí se ha presentado cada 15 días, la serie de extradiciones que se han hecho en cumplimiento con nuestros acuerdos, pero, sobre todo, con el trabajo que hay diariamente de las Fuerzas Armadas, de la Secretaría de la Defensa Nacional, de la Secretaría de Marina, de la Guardia Nacional, de todo el Gabinete de Seguridad, incluyendo Relaciones Exteriores y a Gobernación, por supuesto, y que entre todos hacen toda la colaboración en relación con las materias de seguridad, de migración y otras con el gobierno de Estados Unidos.",0.0,94,06,08,2024
ROSA ICELA RODRIGUEZ VELAZQUEZ,"Entonces, cuando haya más información, aparte de la que han dado… Que sí han estado proporcionando información, pero aún creemos que es… Pues que no es el total de información que nosotros quisiéramos, como aquí lo ha dicho el presidente.",0.0,40,06,08,2024
ROSA ICELA RODRIGUEZ VELAZQUEZ,"Entonces, esperamos que pronto, que a final de la semana tengamos ya un reporte completo de las autoridades de Estados Unidos, porque hemos estado trabajando bien en colaboración con ellos. Y no queremos tampoco tanta información, sino lo relativo a la llegada del vuelo, a la llegada de esta entrega o captura, pero de manera oficial, eso es lo que queremos.",0.0,61,06,08,2024
PREGUNTA, Secretaria ¿el acuerdo se refiere a los hermanos Ovidio y Joaquín?,0.0,11,06,08,2024
ROSA ICELA RODRIGUEZ VELAZQUEZ, Así es.,0.0,2,06,08,2024
