Participante,Texto,Sentimiento,Palabras,Dia,Mes,Anio
PRESIDENTE ANDRES MANUEL LOPEZ OBRADOR,: Muy buenos días. Ánimo.,0.0,5,22,08,2024
PRESIDENTE ANDRES MANUEL LOPEZ OBRADOR,"Bueno, vamos el día de hoy a informar sobre el tren El Insurgente, de Toluca a la Ciudad de México. Es una obra muy importante que vamos a inaugurar en su segunda etapa, hasta Santa Fe, desde Toluca a Santa Fe, ya cerca de 50 kilómetros. Y va a quedar pendiente para que se termine, pienso, a finales de este año ya todo el tramo.",0.0,65,22,08,2024
PRESIDENTE ANDRES MANUEL LOPEZ OBRADOR,"Es una muy buena noticia que se le da a quienes viven en el Estado de México, quienes se trasladan a la Ciudad de México o van de la Ciudad de México a Toluca, porque es un sistema de transporte moderno, rápido, que eso es importante, y económico, va a costar menos de lo que cuesta hoy el traslado en camión y desde luego con menos tiempo.",0.0,67,22,08,2024
PRESIDENTE ANDRES MANUEL LOPEZ OBRADOR,"Se van a beneficiar a muchos trabajadores y a muchas personas del Estado de México y del Distrito Federal. Ayuda mucho el que… Tuvimos algunos obstáculos, como en todas las obras, unos por cuestiones técnicas, son obras complejas, y otras demoras, retrasos, porque tuvimos que enfrentar a nuestros opositores, los conservadores, que cada vez que hacemos una obra tratan de detenerla, de frenarla, nos ponen obstáculos.",0.0,66,22,08,2024
PRESIDENTE ANDRES MANUEL LOPEZ OBRADOR,"Desde que fui jefe de gobierno, hace 24 años, que hicimos los segundos pisos, que empezamos a construir los segundos pisos, ahí estaban los mismos de ahora, más jóvenes desde luego, pero con las mismas ideas de antaño, conservadoras, bloqueándonos, no querían los segundos pisos.",0.0,45,22,08,2024
PRESIDENTE ANDRES MANUEL LOPEZ OBRADOR,"Y el Reforma, el periódico que creó Salinas de Gortari, igual, campaña. En aquel entonces ya no era Salinas presidente, pero le tocó pasar por el Periférico y declaró que se iban a caer los segundos pisos. Y muchos, como era una obra que por primera vez se veía en la ciudad, pronosticaban eso, y que además no se iban a subir porque estaban muy altos. Y terminaron acostumbrándose. Y afortunadamente han resistido los segundos pisos. Y ha habido temblores y no hemos desgracias.",0.0,84,22,08,2024
PRESIDENTE ANDRES MANUEL LOPEZ OBRADOR,Y nos copiaron después y han hecho muchos kilómetros.,0.0,9,22,08,2024
PRESIDENTE ANDRES MANUEL LOPEZ OBRADOR,"Pues ahora tuvimos problemas porque nos detuvieron. Había en la delegación Obregón un gobierno conservador —bueno, todavía—, nos pusieron obstáculos y nos detuvieron la obra; sin embargo, ahí va, de todas maneras, va, y eso es lo que queremos informarles.",0.0,40,22,08,2024
PRESIDENTE ANDRES MANUEL LOPEZ OBRADOR,"Y sí, ahora este tren es de más altura, es muy alto, de 80 metros, y además con una pendiente muy pronunciada, de Toluca a la ciudad. Pero tecnológicamente es de lo más avanzando, en frenado, en… Todo esto lo pueden explicar los técnicos.",0.0,44,22,08,2024
PRESIDENTE ANDRES MANUEL LOPEZ OBRADOR,"Y una vista. Imagínense pasar por el Cerro de las Cruces. Nada más ahí recordar que ahí fue la batalla en la Independencia. Cuando Hidalgo triunfa y decide, ya teniendo casi bajo su dominio la Ciudad de México, decide no tomar la ciudad, porque era un hombre bueno, pacífico, e imaginó que en el enfrentamiento iban a morir muchos, muchos, y prefirió regresar hacia el norte. Y ahí se perdió la posibilidad de tomar la ciudad, para salvar la vida de muchos mexicanos que vivían en la capital, porque la toma, un enfrentamiento masivo no es fácil de controlar.",0.0,99,22,08,2024
PRESIDENTE ANDRES MANUEL LOPEZ OBRADOR,"A él no se le perdonó el atrevimiento de haber proclamado la abolición de la esclavitud, a él sí, poco después, 1811, lo asesinan, le cortan la cabeza y exhiben su cabeza hasta 1821, 10 años, en la plaza principal de Guanajuato como escarmiento. Por eso, es el padre de nuestra patria.",0.0,52,22,08,2024
PRESIDENTE ANDRES MANUEL LOPEZ OBRADOR,"Entonces, cuando se utilice el tren se va a pasar por ahí y nos vamos a acordar de ese pasaje de nuestra historia tan importante.",0.0,25,22,08,2024
PRESIDENTE ANDRES MANUEL LOPEZ OBRADOR,"Entonces, vamos con Jorge Nuño, que es secretario de Infraestructura; está aquí también Jesús Antonio Esteva Medina, que es secretario de Obras y Servicios de la Ciudad de México, ya propuesto por la presidenta electa para ocupar el cargo de Jorge Nuño Lara, actual secretario de Infraestructura, Comunicaciones y Transportes.",0.0,50,22,08,2024
PRESIDENTE ANDRES MANUEL LOPEZ OBRADOR,"El licenciado Nuño, de lo mejor como servidor público. Nos ha ayudado muchísimo, mucho, mucho. Esto es también un momento para agradecerle todo el apoyo. Ya nos falta poco, en un mes nos vamos, pero yo creo que usted va a seguir trabajando, ¿no?",0.0,44,22,08,2024
PRESIDENTE ANDRES MANUEL LOPEZ OBRADOR,"Como ayer me enteré que Martí va a seguir trabajando, un excepcional servidor público. Martí es un compañero de lucha desde hace muchos años, preparado, es un maestro de las ciencias sociales, no sólo de su licenciatura en Derecho, Martí es una persona con mucha cultura política, muy preparado; además, honesto, con convicciones.",0.0,53,22,08,2024
PRESIDENTE ANDRES MANUEL LOPEZ OBRADOR,"Da mucho gusto que se hayan formado cuadros para la administración pública, para la política. Y hay que seguir formando más cuadros jóvenes, mujeres, hombres, para el noble oficio de la política. Y formarlos con los nuevos principios de honestidad, de amor al pueblo, hacia adelante.",0.0,46,22,08,2024
PRESIDENTE ANDRES MANUEL LOPEZ OBRADOR,"Entonces, Martí va también a exponer.",0.0,6,22,08,2024
PRESIDENTE ANDRES MANUEL LOPEZ OBRADOR,"Y otro extraordinario cuadro, Jorge Mendoza Sánchez, director general de Banobras, también, de primera como servidor público; además, especialista en cuestiones económicas, financieras. También, mi agradecimiento, Jorge.",0.0,27,22,08,2024
PRESIDENTE ANDRES MANUEL LOPEZ OBRADOR,"No era ese el propósito, pero como aquí no hay guion, en la mañanera no hay guion, aquí es espontáneo, no hay nada acartonado, aprovechamos para hacerles nuestro reconocimiento a los cuatro servidores públicos.",0.0,34,22,08,2024
PRESIDENTE ANDRES MANUEL LOPEZ OBRADOR,"Y vamos, si les parece. Adelante, Jorge.",0.0,7,22,08,2024
JORGE NUÑO LARA," Buenos días a todos. Muchas gracias, presidente. El agradecido soy yo por haber confiado en mi persona a cargo de esta secretaria, presidente.",0.0,23,22,08,2024
JORGE NUÑO LARA,"Vamos a presentar el tema del tren El Insurgente, el tren interurbano. Este es un tren que constituye 58 kilómetros en vía doble electrificada. Cuenta con 20 trenes eléctricos con una capacidad de 718 pasajeros cada uno.",0.0,37,22,08,2024
JORGE NUÑO LARA,"Tiene siete estaciones, cuatro de ellas ya están en operación, que son las que están en el Estado de México, ahora vamos a poner en operación ya el tramo hasta la estación de Santa Fe.",0.0,35,22,08,2024
JORGE NUÑO LARA,Para su ejecución lo dividimos en dos equipos:,0.0,8,22,08,2024
JORGE NUÑO LARA,"El gobierno de la Ciudad de México estuvo a cargo de 16 kilómetros de obra civil y en viaducto con las estaciones de Santa Fe y Observatorio. La Secretaría de Infraestructura tuvo a su cargo 42 kilómetros de obra civil, más 58 kilómetros de vía catenaria, obra electromecánica y sistemas ferroviarios, así como la construcción de talleres y cocheras que están en Zinacantepec, y cinco estaciones que son: Zinacantepec, Toluca, Metepec, Lerma. Y el material rodante, que son 20 trenes eléctricos.",0.0,81,22,08,2024
JORGE NUÑO LARA,"Ahora, como recodarán, se puso en operación la primera etapa, que va de Zinacantepec a Lerma — la siguiente lámina, por favor—, el 15 de septiembre, que constituyen 20 kilómetros que conectan toda la parte del Valle de Toluca, desde Zinacantepec a Lerma. Nos faltaba concluir la obra civil desde Lerma hasta la estación de Santa Fe, que va a ser la etapa 2. Esto constituye estos 20 kilómetros.",0.0,69,22,08,2024
JORGE NUÑO LARA,"En la siguiente lámina está la etapa 2, que es la conexión ya de la estación de Lerma a la estación de Santa Fe, para ello se construyó un viaducto en arcometálico, y un bitúnel de cinco kilómetros que justo cruza el Cerro de Las Cruces, dos celosías metálicas, tres viaductos mixtos, dos pasos superiores vehiculares, 17 kilómetros en viaducto de concreto, un kilómetro de viaducto de acero, 48 kilómetros de catenaria flexible, más cinco kilómetros de catenaria rígida.",0.0,79,22,08,2024
JORGE NUÑO LARA,"El material rodante lo constituyen estos 10 trenes, más 10 que están ya listos para ponerse en operación. Tienen un pilotaje automático con un sistema de seguridad nivel dos, lo que asegura que el nivel de frenado en la pendiente de seis por ciento, que viene de Toluca a la Ciudad de México, sea completamente seguro.",0.0,56,22,08,2024
JORGE NUÑO LARA,"Ya las pruebas ya fueron concluidas desde semanas anteriores de manera satisfactoria, entonces, el frenado, así como el comportamiento del sistema electromecánico y todos los sistemas de seguridad ya fueron probados para ponerlos en operación el 31 de agosto.",0.0,39,22,08,2024
JORGE NUÑO LARA,Cada uno de estos trenes puede llevar hasta 718 pasajeros. Cuenta con aire acondicionado y videovigilancia.,0.0,16,22,08,2024
JORGE NUÑO LARA,"La etapa 2 consiste en 29 kilómetros, que unirán Lerma con Santa Fe.",0.0,13,22,08,2024
JORGE NUÑO LARA,"En la siguiente lámina, aquí está el viaducto 4, que es el viaducto que tiene mayor altura, casi un poco más de 80 metros.",0.0,24,22,08,2024
JORGE NUÑO LARA,Este es el portal Toluca del bitúnel que cruza el cerro de Las Cruces.,0.0,14,22,08,2024
JORGE NUÑO LARA,"Una de las estructuras metálicas que están en la caseta delante de La Marquesa en la autopista México-Toluca, esto es una sección de uno de los túneles.",0.0,27,22,08,2024
JORGE NUÑO LARA,"La etapa 1 y 2 de Zinacantepec a Santa Fe, en la siguiente lámina, se espera que tenga un ahorro de 1.5 horas de viajes. Más de cinco millones de personas beneficiadas en los municipios de Zinacantepec, Toluca, Metepec, Lerma, San Mateo Atenco, Ocoyoacac y las alcaldías de Cuajimalpa y Álvaro Obregón. Un recorrido total de 39 minutos.",0.0,58,22,08,2024
JORGE NUÑO LARA,"Los trenes, todo el sistema tiene una capacidad para mover hasta 235 mil pasajeros por día.",0.0,16,22,08,2024
JORGE NUÑO LARA,"Ahorita la obra ha tenido una generación de 17 mil empleos directos, más 30 mil indirectos.",0.0,16,22,08,2024
JORGE NUÑO LARA,"Además de las obras que la secretaría viene haciendo de la conexión de Lerma-Santa Fe, también nos encargamos de dos obras adicionales:",0.0,22,22,08,2024
JORGE NUÑO LARA,"En la siguiente lámina está la estación de Vasco de Quiroga y un viaducto atirantado. La estación de Vasco de Quiroga se construyó para atender a los usuarios del pueblo de Santa Fe, así como a la Universidad de la Salud. Cuenta con área exclusiva para la circulación de estudiantes entre aulas y laboratorios, y se integra también al sistema de transporte Cablebús en la Ciudad de México. Esta estación está completamente concluida y comenzamos la colocación de vía y catenaria, y sistemas electromecánicos.",0.0,84,22,08,2024
JORGE NUÑO LARA,"Adicionalmente, para poder pasar el manantial de Santa Fe, se construyó un puente atirantado de un claro central de 200 metros. Cuenta con dos torres, una de 65 metros y otra de 75 metros de altura. Para su cimentación se ocuparon 121 pilas de 25 metros cada una de profundidad, 22 mil metros cúbicos de concreto, más tres mil 600 toneladas de acero. Actualmente el avance del atirantado es de 70 por ciento.",0.0,73,22,08,2024
JORGE NUÑO LARA,"En la siguiente lámina, esta es una perspectiva de cómo el tren va llegando hacia la estación de Santa Fe.",0.0,20,22,08,2024
JORGE NUÑO LARA,"Y tenemos un video que daría cuenta sobre el avance de obras. Posteriormente, el ingeniero Esteva daría cuenta de las obras que tiene a cargo la Ciudad de México, el licenciado Jorge Mendoza hablaría sobre los aspectos de operación que tiene ahorita el Tren Interurbano El Insurgente y posteriormente el jefe de gobierno haría un cierre.",0.0,56,22,08,2024
JORGE NUÑO LARA,"Sería cuanto, presidente.",0.0,3,22,08,2024
JESUS ANTONIO ESTEVA MEDINA," Con su permiso, señor presidente. Buenos días a todas y a todos.",0.0,12,22,08,2024
JESUS ANTONIO ESTEVA MEDINA,"A continuación, informamos los avances del tramo 3, el correspondiente al gobierno de la Ciudad de México.",0.0,17,22,08,2024
JESUS ANTONIO ESTEVA MEDINA,"En total, llevamos 94 por ciento de avance, son 17.5 kilómetros. De estos, 13.9 ya fueron entregados a la Secretaría de Infraestructura y en ellos trabajan en lo que se denomina implantación de vía, que es el tramo 4. Hay 2.1 kilómetros por entregar este mes y estamos trabajando en 1.5 kilómetros.",0.0,52,22,08,2024
JESUS ANTONIO ESTEVA MEDINA,"Aquí podemos ver la estación Santa Fe, que está en los últimos trabajos de acabados. En ella tenemos un total de 11 escaleras eléctricas, de las cuales ocho ya fueron probadas, ya están certificadas. La cubierta está concluida, las fachadas van en el 60 por ciento.",0.0,46,22,08,2024
JESUS ANTONIO ESTEVA MEDINA,"Estamos trabajando en los viales, que son puentes que interconectan las vialidades del entorno. Están dos viales concluidos ya con asfalto, nos falta cerrar el tercer vial, que es el que conecta con la autopista. Todo esto estará terminado en unos días.",0.0,42,22,08,2024
JESUS ANTONIO ESTEVA MEDINA,"Ya están en pruebas los trenes, constantemente están llegando a la estación. Está energizada, están los cuartos técnicos terminados y estamos en los últimos detalles de acabados.",0.0,27,22,08,2024
JESUS ANTONIO ESTEVA MEDINA,"Aquí se ve lo que será el Centro de Transferencia Modal una vez que entre en operación. Tenemos lo que mencioné, los viales, que son estos puentes. Y lo que denominamos el intercambiador, que es donde se da el intercambio modal, es decir, los pasajeros que vienen en el tren pasan a transporte público.",0.0,54,22,08,2024
JESUS ANTONIO ESTEVA MEDINA,"Habrá 65 unidades de RTP, más 15 unidades de transporte privado. Está aquí en acceso peatonal desde Vasco de Quiroga y desde ahí llegarán a entrar e incorporarse, ya sea al tren o a los sistemas de transporte que estarán operando. Habrá tres rutas de RTP: al Metro Auditorio, al parque La Bombilla, al Metro Balderas. Y el transporte concesionado estará operando en la zona local, es decir, en la zona de Santa Fe y en el circuito Vasco de Quiroga.",0.0,81,22,08,2024
JESUS ANTONIO ESTEVA MEDINA,¿En qué frentes estamos trabajando?,0.0,5,22,08,2024
JESUS ANTONIO ESTEVA MEDINA,"Tenemos lo que se llama el Viaducto Especial Santa Fe, que es lo que estamos viendo aquí. Nos falta una columna entre laterales y centrales de la autopista, más, en total, 12 trabes; esto se estará concluyendo, los montajes, durante el mes de agosto y septiembre.",0.0,46,22,08,2024
JESUS ANTONIO ESTEVA MEDINA,"Y con eso ya pasamos al siguiente tramo, que es la presa Tacubaya, donde tenemos el doble voladizo. Nos faltan cinco dovelas, dos centrales y tres de cierre, eso también deberá estar concluido en septiembre.",0.0,35,22,08,2024
JESUS ANTONIO ESTEVA MEDINA,"De ahí nos pasamos hacia lo que se llama Viaducto Río Tacubaya. Estamos saliendo de las últimas cimentaciones. Esta es una de las zonas que se nos bloqueó durante casi dos meses, pero que ya está en operación.",0.0,38,22,08,2024
JESUS ANTONIO ESTEVA MEDINA,"Y una vez que se terminen esas columnas que se ven ahí empieza a trabajar esta lanzadora. A esta lanzadora le quedan 17 claros por montar; avanza del orden de dos claros y medio en una semana, esos son los rendimientos que tuvimos cuando estuvo operando, y eso nos va a permitir también terminar a finales de septiembre, mediados de octubre, todo este tramo.",0.0,64,22,08,2024
JESUS ANTONIO ESTEVA MEDINA,"De ahí pasamos a Viaducto Observatorio, que es la llegada a la estación. Ahí ya son muy pocos montajes y tabletas lo que nos falta.",0.0,25,22,08,2024
JESUS ANTONIO ESTEVA MEDINA,"Y, finalmente, llegamos a la estación, que sería la siguiente, por favor. La estación, como pueden ver, tiene seis niveles; de estos, lo que es mezzanine y nivel de calle y vestíbulo prácticamente están concluidos.",0.0,35,22,08,2024
JESUS ANTONIO ESTEVA MEDINA,"Estamos trabajando todavía en montajes de cabezales en el andén. El andén es muy importante liberarlo para que se pueda iniciar implantación de vía, que es la instalación electromecánica, esto calculamos que se dará entre septiembre y octubre.",0.0,38,22,08,2024
JESUS ANTONIO ESTEVA MEDINA,"Ya iniciamos las estructuras de la cubierta, eso estará concluida en diciembre más todos los acabados de la estación.",0.0,19,22,08,2024
JESUS ANTONIO ESTEVA MEDINA,"La cubierta que se ve, las estructuras metálicas que se ven del lado izquierdo, es el complejo Observatorio, esta es la interconexión con la Línea 1 y en su momento la Línea 12, y también con la estación de la Terminal de Autobuses del Poniente.",0.0,45,22,08,2024
JESUS ANTONIO ESTEVA MEDINA,"También ya concluimos el andén de la terminal de la estación de la Línea 1 del Metro, que es un túnel que está en la parte de abajo, y estamos concluyendo dos interconexiones con túneles abajo.",0.0,36,22,08,2024
JESUS ANTONIO ESTEVA MEDINA,"Entonces, es una obra compleja, pero pues va avanzando conforme a nuestros programas.",0.0,13,22,08,2024
JESUS ANTONIO ESTEVA MEDINA,"Y, finalmente, informarles que llevamos a cabo pruebas de carga. ¿En qué consisten? Bueno, primero participa la Secretaría de Infraestructura, Comunicaciones, participa el gobierno de la ciudad y el Instituto de Ingeniería de la UNAM, se ocupan trenes que se lastran a capacidad máxima, esto nos da cargas de cerca de 200 toneladas por cada tren. Se hacen pruebas estáticas y dinámicas, se colocan los trenes por más de tres horas y se mide cuánto se deforma la estructura; esto nos permite conocer si cumple con los parámetros con los que fue diseñado.",0.0,93,22,08,2024
JESUS ANTONIO ESTEVA MEDINA,"Por otro lado, se corren también los trenes y se mide cómo vibra. Todo esto es información muy importante, porque nos da la línea base, conocemos, primero, si se cumplió con las especificaciones; y segundo, después de un sismo importante, intenso, saber si se variaron estas líneas bases, estos parámetros. Y esto nos permite tomar decisiones oportunamente.",0.0,57,22,08,2024
JESUS ANTONIO ESTEVA MEDINA,"Aquí hay más de 23 acelerógrafos instalados haciendo estas mediciones, todas han salido favorables, todas cumplen con las condiciones con las que fue diseñado.",0.0,24,22,08,2024
JESUS ANTONIO ESTEVA MEDINA,"Y se va a quedar también instrumentado, esto es importante que lo conozca la ciudadanía, porque nos va a permitir conocer en tiempo real información de diferentes estructuras, en especial lo estamos haciendo en las estructuras metálicas, en las celosías, en el viaducto mixto 3, en la estación y en algunos puntos de interés para los proyectistas.",0.0,57,22,08,2024
JESUS ANTONIO ESTEVA MEDINA,Y es cuanto. Gracias.,0.0,4,22,08,2024
JORGE MENDOZA SANCHEZ, Buenos días a todas y todos.,0.0,6,22,08,2024
JORGE MENDOZA SANCHEZ,"Si me permite, señor presidente, voy a compartir algunas cifras sobre la operación del tren. Si pasamos a la siguiente lámina, por favor.",0.0,23,22,08,2024
JORGE MENDOZA SANCHEZ,"Con respecto al primer tramo, que es de Zinacantepec a Lerma, quisiera informar que ya llevamos 338 días de operación, cinco mil 694 horas de servicio sin interrupciones. Se han realizado 22 mil vueltas, que se traducen en 889 mil kilómetros recorridos por los cuatro trenes del tren, en promedio se realizan 68 vueltas por día.",0.0,56,22,08,2024
JORGE MENDOZA SANCHEZ,"Y tenemos un promedio de usuarios cada día de nueve mil 677 personas, si se contabiliza es del 15 de septiembre, que tuvo un periodo de servicio gratuito; u ocho mil 146 usuarios promedio diarios desde el 1º de octubre de 2023. Por ello, ya llevamos tres millones 280 mil 535 personas transportadas al 18 de agosto de 2024.",0.0,59,22,08,2024
JORGE MENDOZA SANCHEZ,"Pasamos a la siguiente lámina. Al día de hoy, como saben, estamos operando solamente cuatro estaciones de Zinacantepec hasta Lerma, ahora con la entrada en operación próximamente de la estación de Santa Fe vamos a estar operando cinco estaciones.",0.0,39,22,08,2024
JORGE MENDOZA SANCHEZ,"La nueva estación de Santa Fe se encuentra en el lado oriente del centro comercial Santa Fe, entre la avenida de Vasco de Quiroga y la autopista México-Toluca, y contará con accesos peatonales y vehiculares.",0.0,35,22,08,2024
JORGE MENDOZA SANCHEZ,"Hasta hoy estábamos operando con cuatro trenes. Una vez entrando en operación la estación de Santa Fe vamos a operar con ocho trenes, cada uno con una longitud de 100 metros, cinco carros cada uno, y con una capacidad total de 719 pasajeros también en cada tren.",0.0,47,22,08,2024
JORGE MENDOZA SANCHEZ,"Hasta el día de hoy estábamos operando 20 kilómetros con un tiempo de traslado de 21 minutos, ya con la entrada de Santa Fe vamos a tener un recorrido de 50 kilómetros en 37 minutos.",0.0,35,22,08,2024
JORGE MENDOZA SANCHEZ,Pasamos a la siguiente lámina. Al día de hoy también estábamos operando a una velocidad máxima de 80 kilómetros por hora con un promedio de 65 kilómetros por hora. Con la entrada de esta nueva estación vamos a estar operando a una velocidad máxima ya de 120 kilómetros por hora y a un promedio de 78 kilómetros por hora.,0.0,59,22,08,2024
JORGE MENDOZA SANCHEZ,"La frecuencia al día de hoy era de 15 minutos, ahora va a ser de 10 minutos, va a ser más rápido y más cómodo que en un autobús o en auto.",0.0,32,22,08,2024
JORGE MENDOZA SANCHEZ,"Al día de hoy teníamos una tarifa única de, vayas a donde vayas, de 15 pesos. Y ahora con la entrada de Santa Fe, que va a ser un trayecto más largo y también que va a ser ya la conexión ahora sí entre el Estado de México y la Ciudad de México, va a haber una tarifa en función del trayecto a recorrer y va a tener un mínimo de 15 pesos y un máximo de 90 pesos.",0.0,79,22,08,2024
JORGE MENDOZA SANCHEZ,"Al día de hoy, los accesos se hacen a través de la Tarjeta de Movilidad Integrada, que es la misma tarjeta que se utiliza para el resto del sistema de transporte de la Ciudad de México, también a través de los boletos QR.",0.0,43,22,08,2024
JORGE MENDOZA SANCHEZ,"Y solamente teníamos lectura en la entrada, en el sitio de origen. Ahora, como vamos a estar cobrando y diferenciado el cobro por los kilómetros recorridos y las estaciones recorridas, vamos a tener también lectura en las estaciones de origen y también en la salida en cada uno de los destinos. Y se podrán seguir utilizando los dos mecanismos de pago: a través de la Tarjeta de Movilidad Integrada y también los boletos QR.",0.0,74,22,08,2024
JORGE MENDOZA SANCHEZ,"Al día de hoy tenemos 40 conductores y conductoras, 20 reguladores, 98 personal operativo técnico y administrativo, 273 personal de seguridad y limpieza. Y hemos contado con más de 800 horas de capacitación para estas personas.",0.0,36,22,08,2024
JORGE MENDOZA SANCHEZ,"Ahora con la entrada de Santa Fe vamos a contar con 84 conductores y conductoras, 22 reguladores, 147 personal operativo técnico y administrativo, y 378 personal de seguridad y limpieza. Y hemos incrementado por 472 horas las capacitaciones a todo el personal.",0.0,42,22,08,2024
JORGE MENDOZA SANCHEZ,"El horario de servicio se va a mantener desde las 6:00 de la mañana hasta las 23:00 horas todos los días de la semana, de lunes a domingo.",0.0,28,22,08,2024
JORGE MENDOZA SANCHEZ,"Pasamos a la siguiente lámina. Aquí podemos ver un cuadro donde se explica el sistema tarifario con base a los recorridos: el más barato, como mencionaba, es de solamente 15 pesos; y el más caro, desde Santa Fe a Zinacantepec, será de 90 pesos. Ahora, es importante mencionar que estos 90 pesos están muy por debajo de los 106 pesos que cobran los autobuses y otros medios de transporte, y también es mucho más rápido, con solamente 37 minutos cuando los autobuses con todas las paradas que tienen en el trayecto puede tomar en horas pico también entre 110 y 150 minutos.",0.0,102,22,08,2024
JORGE MENDOZA SANCHEZ,"Si quisieran más información sobre la operación del tren —pasamos a la última lámina—, los invito a visitar nuestras páginas en las redes sociales, estamos en Facebook, Twitter, YouTube, Instagram y Tik Tok. También tenemos el reglamento y las tarifas vigentes publicadas en las siguientes ligas.",0.0,46,22,08,2024
JORGE MENDOZA SANCHEZ,"Y en caso, obviamente, de cualquier emergencia o dudas, existen unos botones de ayuda en los trenes y las estaciones, que los invitamos también a presionar en caso de que lo requieran.",0.0,32,22,08,2024
JORGE MENDOZA SANCHEZ,"Muchas gracias. Gracias, señor presidente. Es todo por mi lado.",0.0,10,22,08,2024
MARTI BATRES GUADARRAMA," Buenos días, señor presidente; buenos días, amigos de los medios de comunicación, compañeros.",0.0,13,22,08,2024
MARTI BATRES GUADARRAMA,"Quiero comentar sobre esta obra. Es una obra, efectivamente, grande, compleja, con mucho volumen, construida en una zona orográfica muy difícil por el gran ascenso hacia Las Cruces y luego en la bajada hacia la Ciudad de México, y con varios lugares donde hay ojos de agua y lagos, y vasos reguladores.",0.0,52,22,08,2024
MARTI BATRES GUADARRAMA,"En efecto, como dijo el presidente, se tuvo que enfrentar incluso alguna oposición política en la zona que dificultó los tiempos de la obra, pero ha avanzado y constantemente durante todo este lapso.",0.0,33,22,08,2024
MARTI BATRES GUADARRAMA,En este caso me interesa subrayar diversos beneficios que va a traer esta obra:,0.0,14,22,08,2024
MARTI BATRES GUADARRAMA,"En el caso de la Ciudad de México tenemos tres estaciones. Hay cuatro estaciones en el Estado de México que están funcionando, ya se ha comentado aquí, Zinacantepec, Toluca, Metepec y Lerma, y en el caso de la Ciudad de México vamos a tener Santa Fe, Vasco de Quiroga y Observatorio.",0.0,51,22,08,2024
MARTI BATRES GUADARRAMA,"En el caso de Santa Fe, esta estación, que es una estación clave, va a estar conectada con las líneas de transporte RPT, que, por cierto, son de las más económicas de la Ciudad de México y con el transporte concesionado.",0.0,41,22,08,2024
MARTI BATRES GUADARRAMA,"En el caso de la estación Vasco de Quiroga, déjenme comentar que no estaba prevista en el proyecto original esta estación, se iba de Santa Fe a Observatorio, pero en el gobierno de la Ciudad de México, con la doctora Claudia Sheinbaum todavía como jefa de gobierno, propuso que la estación Vasco de Quiroga se incorporara para tocar la parte más popular de Santa Fe. Además, eso va a permitir fortalecer la conexión con el Cablebús Línea 3.",0.0,78,22,08,2024
MARTI BATRES GUADARRAMA,"Y, por otra parte, va a facilitar el acceso a la Cuarta Sección del Bosque de Chapultepec, quienes vengan de Toluca van a poder llegar fácilmente a la Cuarta Sección del Bosque de Chapultepec a través del Tren Interurbano El Insurgente.",0.0,41,22,08,2024
MARTI BATRES GUADARRAMA,"Y luego, está Observatorio. La estación Observatorio es una terminal, pero además va a ser un centro de transferencia multimodal muy importante conectado con la Línea 1 del Metro y con la Línea 12. Estas dos conexiones que se realizarán ahí en el centro Observatorio tienen implicaciones muy interesantes, porque una persona que venga de Toluca puede llegar con dos transbordes hasta Los Reyes La Paz, o sea, atravesar horizontalmente por completo la Ciudad de México, llegar del poniente del Estado de México al oriente del Estado de México. Y, también una persona que venga de Toluca puede llegar hasta Tláhuac. Y muchas personas que viven en la zona de Tláhuac e Iztapalapa pueden usar la Línea 12 para ir a su trabajo, el que tienen actualmente en la zona de Santa Fe. Entonces, esto va a brindar diversos beneficios.",0.0,140,22,08,2024
MARTI BATRES GUADARRAMA,"Por otro lado, se va a fortalecer la movilidad integrada. Actualmente existe en la Ciudad de México esta Tarjeta de Movilidad Integrada, que permite acceder a servicios como el Tren Ligero, el Trolebús, el Cablebús, también el Metrobús, los autobuses RTP y el Metro.",0.0,44,22,08,2024
MARTI BATRES GUADARRAMA,"Y quienes van a usar el Tren Interurbano también, bueno, quienes ya lo están usando usan esa tarjeta y van a poder usar esa tarjeta para trasladarse por el Estado de México, por la Ciudad de México con la misma tarjeta, incluso utilizando también el sistema Ecobici.",0.0,47,22,08,2024
MARTI BATRES GUADARRAMA,Aquí cabe señalar también que más o menos lo utilizarán unos 140 mil pasajeros. Va a ser factible trasladarse de manera muy rápida desde el Estado de México hacia la Ciudad de México.,0.0,33,22,08,2024
MARTI BATRES GUADARRAMA,"Por otro lado, va a haber un sistema de conexión que, podemos decir, es más allá de lo metropolitano, porque aquí se va a hacer una conexión megalopolitana: se va a conectar con Toluca, que no está pegada a la zona metropolitana de la Ciudad de México.",0.0,47,22,08,2024
MARTI BATRES GUADARRAMA,"Para finalizar, diría que se calcula en una inversión de más o menos 100 mil millones de pesos la obra; en el caso de la parte de la ciudad, unos 21 mil millones de pesos.",0.0,35,22,08,2024
MARTI BATRES GUADARRAMA,"Aquí en la ciudad se han generado 21 mil empleos a lo largo de la obra, son dos mil 500 empleos para la construcción en este momento, y va a haber más de mil 200 empleos fijos ya funcionando todo el sistema.",0.0,42,22,08,2024
MARTI BATRES GUADARRAMA,"Por último, quiero agradecer las palabras del presidente, sus palabras de afecto. Y, además, quiero decir que, bueno, hemos tenido la ventaja muchos de nosotros a lo largo de estos últimos 20, 25 años, o más, de contar con un extraordinario dirigente, que es el presidente Andrés Manuel López Obrador, que no sucede en cualquier época.",0.0,56,22,08,2024
MARTI BATRES GUADARRAMA,"Muchas gracias, señor presidente.",0.0,4,22,08,2024
PRESIDENTE ANDRES MANUEL LOPEZ OBRADOR," Vamos, tenemos dos compañeras, una compañera y un compañero. Isabel.",0.0,10,22,08,2024
PREGUNTA," Gracias. Buenos días, presidente.",0.0,4,22,08,2024
PREGUNTA,"Isabel González, de Grupo Imagen.",0.0,5,22,08,2024
PREGUNTA,"Antes de plantearle mis preguntas quisiera yo solicitarle dos informes: uno que tiene que ver, se lo planteamos hace unos días, sobre este padecimiento de la viruela del mono, que ya ha sido motivo de alerta de la Organización Mundial de la Salud. Saber si nos pueden proporcionar en los siguientes días un informe completo de la situación aquí en México.",0.0,61,22,08,2024
PREGUNTA,"Y, bueno, también otro informe de lo que pudiera pasar con la sala especializada del Tribunal Electoral del Poder Judicial de la Federación. Hay cierta preocupación en los trabajadores respecto a si, efectivamente, va a desaparecer y hacia dónde se podrían integrar en caso de que se apruebe esta reforma.",0.0,50,22,08,2024
PREGUNTA,"Serían dos solicitudes para que se nos pueda informar en siguientes días, presidente.",0.0,13,22,08,2024
PRESIDENTE ANDRES MANUEL LOPEZ OBRADOR," Muy bien. Lo vemos, tanto lo que tiene que ver con la salud como lo del Poder Judicial.",0.0,18,22,08,2024
PREGUNTA, Bien.,0.0,1,22,08,2024
PREGUNTA,"En mi primer planteamiento de pregunta pues es el caso Zambada, Ismael Zambada y Joaquín Guzmán. Ayer ya la Fiscalía General de la República da por buena, presumiblemente, la versión de Zambada García, de que fue secuestrado.",0.0,37,22,08,2024
PREGUNTA,"Yo le pregunto: ¿hay indicios, hay evidencia de que agentes estadounidenses fraguaron, planearon, participaron de alguna forma, se pusieron de acuerdo con narcos mexicanos para llevar a cabo el secuestro de Ismael Zambada? Sería mi primera pregunta, presidente.",0.0,38,22,08,2024
PRESIDENTE ANDRES MANUEL LOPEZ OBRADOR," Lo que sabemos hasta ahora es que el gobierno de Estados Unidos tenía acuerdo con Guzmán López, que venían manteniendo comunicación para un posible acuerdo. Ellos han dicho que, en efecto, había este acuerdo o se estaba gestando este acuerdo, pero que no sabían de que en el avión iba también o llegaba a territorio estadounidense el señor Zambada. Eso es lo que se conoce, vamos a decir, formalmente en la investigación que está haciendo, se está llevando a cabo la Fiscalía General de la República.",0.0,86,22,08,2024
PREGUNTA," Pero ¿no hay evidencia en ese sentido de que se pudieran…? ¿Hay una línea, una hipótesis, una línea de investigación de que sí hay agentes? ¿Sí se está investigando?",0.0,29,22,08,2024
PRESIDENTE ANDRES MANUEL LOPEZ OBRADOR," Es que está abierta la investigación. Y la decisión que se ha tomado es que se conozca, aquí lo hemos dicho, todo lo sucedido.",0.0,24,22,08,2024
PRESIDENTE ANDRES MANUEL LOPEZ OBRADOR,"Desde luego, la investigación está a cargo de la Fiscalía General de la República. Y así como ayer informan, dan un adelanto de cómo va la investigación, considero que lo que van a seguir haciendo en la medida que tengan más elementos, y vamos a esperar.",0.0,46,22,08,2024
PREGUNTA," Saber si la exfiscal Sara Bruna y sus excolaboradores ya son indiciados, dado que actuaron presumiblemente como el brazo ministerial del crimen organizado en el caso del asesinato de Melesio Cuén. ¿Ya está indiciada la exfiscal?",0.0,36,22,08,2024
PRESIDENTE ANDRES MANUEL LOPEZ OBRADOR," No, no tengo información sobre eso.",0.0,6,22,08,2024
PREGUNTA, ¿Sería conveniente que la sujetaran a investigación?,0.0,7,22,08,2024
PRESIDENTE ANDRES MANUEL LOPEZ OBRADOR," Eso va a corresponder a la fiscalía, ellos están pues haciendo todas las diligencias y me imagino que van a llamar a declarar a todos los interesados, involucrados.",0.0,28,22,08,2024
PREGUNTA," ¿Sería conveniente que la investigaran?, o sea, me gustaría resaltar esto.",0.0,11,22,08,2024
PRESIDENTE ANDRES MANUEL LOPEZ OBRADOR," Es que yo no puedo opinar en este asunto, así, a la ligera, es un asunto muy serio.",0.0,18,22,08,2024
PRESIDENTE ANDRES MANUEL LOPEZ OBRADOR,"Y pues también es de dominio público, ¿no?, que nosotros estamos sometidos a un escrutinio, no del pueblo, la gente nos tiene confianza, afortunadamente, pero sí de los medios de información que muchos son de manipulación; entonces, tengo que cuidar mis palabras, usar más la geometría del lenguaje. De por sí no hablo de corrido, ahora tengo que ser todavía más cuidadoso y precavido, porque todo lo que digo se usa en mi contra, están muy enojados mis adversarios y por eso, Isabel, no puedo.",0.0,85,22,08,2024
PRESIDENTE ANDRES MANUEL LOPEZ OBRADOR,"Además, le corresponde a la fiscalía, y tengamos confianza en la fiscalía y tengamos confianza en que no hay impunidad para nadie.",0.0,22,22,08,2024
PRESIDENTE ANDRES MANUEL LOPEZ OBRADOR,"Antes no sólo había corrupción, eso se olvida y hay que estar recordándolo, sino había impunidad, se cubrían unos con otros, se tapaban, era una relación de complicidades y componendas, lo he dicho muchas veces. Tolstoi, gran escritor, decía que un Estado que no procura la justicia no es más que una banda de malhechores.",0.0,55,22,08,2024
PRESIDENTE ANDRES MANUEL LOPEZ OBRADOR,"No olvidemos que hace relativamente poco se padeció de un narco-Estado, nada más que de eso no se habla, es un tema vedado en los medios, silencio. Pero imagínense que el secretario de Seguridad Pública del gobierno federal está acusado de proteger a narcotraficantes y está a punto de ser condenado, y también extrañamente han pospuesto el fallo final; últimamente ya dijeron que va a ser en octubre y que ya no van a haber alteraciones.",0.0,76,22,08,2024
PRESIDENTE ANDRES MANUEL LOPEZ OBRADOR,"Entonces, eso es lo que hay. Y sí se tiene que saber todo y la fiscalía tiene que actuar.",0.0,19,22,08,2024
PREGUNTA," Presidente, en este sentido, de que no va a haber impunidad y que se tiene que aclarar todo, ¿sería conveniente, saludable, que el gobernador de Sinaloa, Rubén Rocha Moya, ampliara sus declaraciones respecto a lo que sabía de si Zambada García fungía como operador político en la entidad?",0.0,48,22,08,2024
PRESIDENTE ANDRES MANUEL LOPEZ OBRADOR," Eso lo tiene que decidir la fiscalía, pero si la fiscalía considera que es importante para la investigación, todos los ciudadanos estamos obligados. O en el caso de autoridades, todos.",0.0,30,22,08,2024
PREGUNTA," Sería óptima que fuera voluntaria esta declaración del gobernador, ¿no?",0.0,10,22,08,2024
PRESIDENTE ANDRES MANUEL LOPEZ OBRADOR, Que lo decida la fiscalía.,0.0,5,22,08,2024
PREGUNTA," Bien, presidente.",0.0,2,22,08,2024
PREGUNTA,"En otro tema, que tiene que ver con la transición, ha habido ya gira de transición en las 32 entidades, usted con la presidenta electa. Me pregunto si, a partir de que ya concluyó esta gira de transición y que ahora sólo vienen las inauguraciones, ¿en qué momento la presidenta electa se va a incorporar a las reuniones de Gabinete de Seguridad?",0.0,62,22,08,2024
PREGUNTA,"Y si en su momento también contempla que participe aquí en las mañanera, dado de que ya ha anunciado que pues sí va haber mañaneras.",0.0,25,22,08,2024
PREGUNTA,"Y si nos puede ampliar el programa del 15 de septiembre próximo, su último Grito. Usted había dicho ya algunas cosas, algunos adelantos.",0.0,23,22,08,2024
PREGUNTA,"Y también había dicho que estaría una familia que interpreta muy bien con mariachi. A mí me gustaría saber quiénes son los invitados, si forman parte de la dinastía de los Fernández o la dinastía de los Aguilar, con todo y Nodal.",0.0,42,22,08,2024
PRESIDENTE ANDRES MANUEL LOPEZ OBRADOR," Bueno, estamos terminando, bueno, ya se concluyó la gira por las 32 entidades federativas con la presidenta electa, ha sido muy importante el recorrido que hicimos.",0.0,26,22,08,2024
PRESIDENTE ANDRES MANUEL LOPEZ OBRADOR,"Estoy cada vez más satisfecho, muy optimista, porque el país, nuestro querido México, va a ser bien gobernado por la presidenta electa y posteriormente presidenta constitucional. Es una mujer excepcional, muy preparada, con experiencia, sensible, honesta, íntegra, recta. No se deja chantajear.",0.0,42,22,08,2024
PRESIDENTE ANDRES MANUEL LOPEZ OBRADOR,"Y se necesita —con respeto a todos, garantizando las libertades— se necesita aplomo, firmeza, porque hay unos muy ventajosos. Pues imagínense cómo quieren regresar por sus fueros, hacen hasta el ridículo.",0.0,31,22,08,2024
PRESIDENTE ANDRES MANUEL LOPEZ OBRADOR,"Ayer hablábamos de alguien que muy formalmente, no sé si de manera seria o sí él se lo cree, porque en una de esas sí, porque en la política y en la ideología hay extremos, hay fanatismo, dogmatismos, incluso hasta enajenación. Pero un personaje que dice: ‘Ya tengo la fórmula de cómo todos los votos que iban para…’",0.0,58,22,08,2024
MARTI BATRES GUADARRAMA, El algoritmo.,0.0,2,22,08,2024
PRESIDENTE ANDRES MANUEL LOPEZ OBRADOR," Sí, todos los votos que iban para Xóchitl, el 60 por ciento o más, ¿no?, se los pasaron a Claudia, y los de Claudia se los pasaron a… O sea, magia.",0.0,31,22,08,2024
PRESIDENTE ANDRES MANUEL LOPEZ OBRADOR,"Está muy bien que exista, ¿no?, la inteligencia artificial y… Pero, para empezar, yo creo que eso es lo más importante, esto es un asunto de principios, de ideales, no es un asunto de un pragmatismo ramplón, de triunfar a toda costa sin escrúpulos morales de ninguna índole, con la idea maquiavélica de que el fin justifica los medios, y que es lícito hacer fraude con tal de mantener el poder, lo que hacían ellos. ¡Cómo nos van a confundir! No somos iguales. Pero bueno, eso está sucediendo.",0.0,88,22,08,2024
PRESIDENTE ANDRES MANUEL LOPEZ OBRADOR,"¿Es real? ¿Por qué no lo pones otra vez? Porque a lo mejor ayer no lo vieron, porque es estelar, es un momento estelar. O sea, esto ayuda mucho.",0.0,29,22,08,2024
PRESIDENTE ANDRES MANUEL LOPEZ OBRADOR,"Es que luego acarrean o movilizan personas que creen esto, por la desinformación, por la manipulación. Entonces, hay que repetirlo, pero no para estar en contra del señor, sino para que se fortalezca el civismo.",0.0,35,22,08,2024
PRESIDENTE ANDRES MANUEL LOPEZ OBRADOR,"Exactamente lo que pusieron ayer. Y luego, a ver si ponemos a Aguilar Camín, que también estaba como descompuesto, como un energúmeno, o sea, con lo mismo. No es para tanto.",0.0,31,22,08,2024
PRESIDENTE ANDRES MANUEL LOPEZ OBRADOR,"Ocupar un cargo, aunque se trate del cargo más importante de la República, no es placer, es deber, es una gran responsabilidad.",0.0,22,22,08,2024
PRESIDENTE ANDRES MANUEL LOPEZ OBRADOR,"A ver, es el señor Ferriz.",0.0,6,22,08,2024
PEDRO FERRIZ DE CON," Sólo quiero informales con mucho entusiasmo que el grupo de ciudadanos que estamos contando las actas y otro equipo de expertos tecnológicos hemos encontrado el algoritmo que se utilizó para el fraude electoral cometido el 2 de junio en las elecciones de México, en las que se alteraron los resultados con un algoritmo que hoy por la tarde daremos a conocer a todos ustedes.",0.0,64,22,08,2024
PEDRO FERRIZ DE CON,"Quiero decirles que hemos encontrado el fraude en las variables que había de esta ecuación compleja para que se llegara a la investigación que nos dé el resultado sobre el fraude cometido. Decirles: ya lo resolvimos, la ecuación está completa, tenemos la forma de comprobar que las elecciones fueron adulteradas, de tal manera que los resultados de Xóchitl fueron para Claudia, y los de Claudia para Xóchitl. Lo sabemos, lo hemos comprobado, lo daremos a conocer hoy en la tarde.",0.0,80,22,08,2024
PEDRO FERRIZ DE CON,"Y para el gobierno, decirles: ya somos un equipo muy grande. De una o de otra manera esto se va a saber, no tengan la menor duda. Estamos listos para lo que sea.",0.0,33,22,08,2024
PRESIDENTE ANDRES MANUEL LOPEZ OBRADOR," Este es un comunicador que antes tenía mucha fama, pero no sólo fama, era de los más escuchados en el país, sobre todo en clases medias, yo creo que más que Ciro ahora.",0.0,33,22,08,2024
PRESIDENTE ANDRES MANUEL LOPEZ OBRADOR,¿Quiénes están en la mañana de los…?,0.0,7,22,08,2024
JESUS RAMIREZ CUEVAS," Ciro, Azucena.",0.0,2,22,08,2024
PRESIDENTE ANDRES MANUEL LOPEZ OBRADOR, Sí. Más. Era.,0.0,3,22,08,2024
PRESIDENTE ANDRES MANUEL LOPEZ OBRADOR,Y tenía de colaboradores a Carmen Aristegui y a…,0.0,9,22,08,2024
MARTI BATRES GUADARRAMA, Solórzano.,0.0,1,22,08,2024
PRESIDENTE ANDRES MANUEL LOPEZ OBRADOR," A Javier Solórzano, sí.",0.0,4,22,08,2024
PRESIDENTE ANDRES MANUEL LOPEZ OBRADOR,"Pero, claro, aquí en la ciudad el más escuchado en ese entonces era Gutiérrez Vivo, pero a nivel nacional este señor. Entonces, imagínense todo lo que hemos padecido; debemos de celebrar de que se está dando una transformación, un cambio. Porque si ellos eran los líderes de opinión, imagínense cómo andábamos o cómo nos tenían.",0.0,55,22,08,2024
PREGUNTA," Presidente, reiterarle mi…",0.0,3,22,08,2024
PRESIDENTE ANDRES MANUEL LOPEZ OBRADOR," A ver, nada más, ¿no tienes el de Aguilar Camín donde dice que podrán no creerles, pero ellos tienen la razón? Que es un poco el mismo pensamiento conservador de Sheridan y de, ¿cómo se llama el señor?, Zaid, y desde luego Krauze; bueno, y hasta López-Dóriga que dice, hay una frase despectiva, clasista, que están utilizando ahora, ‘gocen su voto’ o algo así.",0.0,64,22,08,2024
PREGUNTA, ‘Gocen lo votado’.,0.0,3,22,08,2024
PRESIDENTE ANDRES MANUEL LOPEZ OBRADOR," ‘Gocen lo votado’, o sea, amuélense, friéguense, para qué fueron a votar por esos comunistas, nacos, populistas, ¿qué más?, chintos, chairos.",0.0,21,22,08,2024
PRESIDENTE ANDRES MANUEL LOPEZ OBRADOR,"Naco viene de totonaco, de la gran cultura totonaca, según Carlos Monsiváis. Y ya quisieran muchos haber vivido en la época de las grandes culturas y de las grandes civilizaciones del México prehispánico.",0.0,33,22,08,2024
PRESIDENTE ANDRES MANUEL LOPEZ OBRADOR,"No había en ese entonces, fíjense, codicia, no había esclavitud, y había muchísima generosidad, tan es así que se transmitió esa fraternidad de generación en generación, y todavía se mantiene, y es de lo mejor que tenemos hoy los mexicanos, todo eso que heredamos de épocas remotas, cuando florecieron las grandes culturas y las grandes civilizaciones en nuestro país.",0.0,59,22,08,2024
PRESIDENTE ANDRES MANUEL LOPEZ OBRADOR,"También de Europa nos trajeron enseñanzas, costumbres, vinieron civilizaciones, pero ya había aquí también un potencial de culturas con elementos buenos, y todavía tenemos una gran reserva de valores culturales, morales, espirituales.",0.0,32,22,08,2024
PRESIDENTE ANDRES MANUEL LOPEZ OBRADOR,"Por eso lo del racismo es una aberración en todo sentido, porque no hay razas. No tiene ningún sustento histórico, y es ofensivo porque, en vez de procurar la igualdad, se piensa que hay quienes son superiores.",0.0,37,22,08,2024
PRESIDENTE ANDRES MANUEL LOPEZ OBRADOR,"Pero, bueno, Isabel, adelante.",0.0,4,22,08,2024
PREGUNTA," Sí, reiterarle…",0.0,2,22,08,2024
PRESIDENTE ANDRES MANUEL LOPEZ OBRADOR," A ver, vamos a ver, miren. Es que así es esto. Es que, si no, no se entera la gente, porque esto no…",0.0,23,22,08,2024
HECTOR AGUILAR CAMIN, El hecho de que la población no entienda lo que va a pasar…,0.0,13,22,08,2024
PRESIDENTE ANDRES MANUEL LOPEZ OBRADOR," Muy plurales todos, ¿eh? Es un pensamiento.",0.0,7,22,08,2024
HECTOR AGUILAR CAMIN," …no quiere decir que nuestro diagnóstico sea falso. Nuestro diagnóstico es correcto. La población lo puede o no entender, lo que va a pasar, lo que va a pasar es una autocracia legal, una dictadura. Digo autocracia lega para distinguirlo de lo del PRI, porque el PRI no tenía la legalidad para actuar como una dictadura y tenía siempre una reserva de pudor y de cuidado de las formar, por cierto, lo mismo que Porfirio Díaz.",0.0,76,22,08,2024
PRESIDENTE ANDRES MANUEL LOPEZ OBRADOR, Esto es.,0.0,2,22,08,2024
PRESIDENTE ANDRES MANUEL LOPEZ OBRADOR,"Y hasta Marcos ya dice que soy Díaz Ordaz, sí, y Salinas, creo, ¿no? Díaz Ordaz, Salinas. Él debe ser Zapata. Pero hoy no me voy a meter a la polémica…",0.0,31,22,08,2024
PREGUNTA," Reiterarle el planteamiento: ¿cuándo se incorpora Claudia Sheinbaum, la futura presidenta constitucional, a las reuniones de gabinete? Y si contempla invitarla también a las mañaneras, dado que ella dijo también va a dar mañaneras, esto.",0.0,35,22,08,2024
PREGUNTA,"Y el programa completa del 15 de septiembre, la inquietud por parte de la otra parte del espectáculo.",0.0,18,22,08,2024
PRESIDENTE ANDRES MANUEL LOPEZ OBRADOR," Pues tenemos reuniones. Aparte de los recorridos hay reuniones ya con los equipos, o sea, ya se está llevando a cabo la transición, se reúnen del gobierno actual, del gabinete actual con los que ya están nombrados. Ya ustedes ya se han reunido, ¿no?",0.0,44,22,08,2024
PRESIDENTE ANDRES MANUEL LOPEZ OBRADOR,"Y yo también me reúno con ella. Vamos a tener, creo que el martes, una reunión conjunta, en el caso de Hacienda.",0.0,22,22,08,2024
PREGUNTA, ¿Aquí?,0.0,1,22,08,2024
PRESIDENTE ANDRES MANUEL LOPEZ OBRADOR," Aquí,",0.0,1,22,08,2024
PREGUNTA, ¿Para el presupuesto?,0.0,3,22,08,2024
PRESIDENTE ANDRES MANUEL LOPEZ OBRADOR," Para hablar sobre la situación hacendaria, ingresos, el presupuesto, o sea, el cierre de este año y ya la elaboración del proyecto del año próximo, que ya les corresponde a los integrantes del nuevo equipo, pero nosotros ayudamos en todo.",0.0,40,22,08,2024
PRESIDENTE ANDRES MANUEL LOPEZ OBRADOR,"Si ella quisiera venir un día a la mañanera, sería para nosotros un honor, que la invitáramos un día, a lo mejor antes de que termine este gobierno, mi mandato, si ella quisiera venir un día aquí, pero va a depender de ella.",0.0,43,22,08,2024
PRESIDENTE ANDRES MANUEL LOPEZ OBRADOR,"A lo mejor ella quiere ya empezar. Además, falta muy poco, ya en un mes. Sólo que quisiera acompañarnos. Ella es bienvenida siempre. Es nuestra compañera y muy pronto nuestra presidenta, mi presidenta, y de todos los mexicanos, de todos, y comandanta de las Fuerzas Armadas.",0.0,46,22,08,2024
PRESIDENTE ANDRES MANUEL LOPEZ OBRADOR,"Sobre el 15, bueno, primero lo primero, el 1º de septiembre, que va a ser el informe, lo vamos a hacer en el Zócalo, con sillas, porque es informe. A las… No, es a las 10:00, a las 11:00 de la mañana, a lo mejor a las… Vamos a ver la hora por el sol, porque sí voy a tardar, ¿eh?, y de una vez lo adelanto, porque es bastante. Digo, por más que estoy haciendo así una síntesis, un resumen, me va a llevar algún tiempo; entonces, vénganse preparados con agua, con sombrilla, sombrero, gorra, paciencia, esa siempre tienen ustedes, mucha paciencia. Entonces, el 1º vamos a informar.",0.0,109,22,08,2024
PRESIDENTE ANDRES MANUEL LOPEZ OBRADOR,"Y luego, el 15, están todos invitados, es el Grito de Independencia. Van a estar una banda de Oaxaca muy buena de los pueblos mixes, un espectáculo de primer orden.",0.0,30,22,08,2024
PRESIDENTE ANDRES MANUEL LOPEZ OBRADOR,"Y va a estar también una banda de Sinaloa, de Mazatlán, MS.",0.0,12,22,08,2024
PRESIDENTE ANDRES MANUEL LOPEZ OBRADOR,"Y en medio es posible que haya otra presentación, que tiene que ver con México, estamos pesando en algo muy mexicano. Todo es mexicano, pero es las bandas mixes juntas, que son músicos extraordinarios, de lo mejor. Y esto intermedio que estamos pensando. Y cerramos con la banda de Mazatlán. Y ya va a ser el Grito de despedida, en mi caso es el último Grito. La gente está muy contenta en todo el país, hay un buen ánimo.",0.0,79,22,08,2024
PREGUNTA, ¿Va a invitar a Claudia Sheinbaum al Grito el día 1º?,0.0,11,22,08,2024
PRESIDENTE ANDRES MANUEL LOPEZ OBRADOR, Sí.,0.0,1,22,08,2024
PREGUNTA, ¿A los dos actos?,0.0,4,22,08,2024
PRESIDENTE ANDRES MANUEL LOPEZ OBRADOR," Sí, a los dos actos.",0.0,5,22,08,2024
PREGUNTA, ¿El 16 también?,0.0,3,22,08,2024
PRESIDENTE ANDRES MANUEL LOPEZ OBRADOR," Bueno, no sé, lo tengo que hablar con ella.",0.0,9,22,08,2024
PREGUNTA, ¿Saldría al balcón con ella en el Grito?,0.0,8,22,08,2024
PRESIDENTE ANDRES MANUEL LOPEZ OBRADOR," Vamos a ver, para que se respete el protocolo republicano.",0.0,10,22,08,2024
PREGUNTA," La última gira que va a hacer, ¿ya tiene definida cuál es el itinerario de los últimos viajes que va a tener en el mes de septiembre?",0.0,27,22,08,2024
PRESIDENTE ANDRES MANUEL LOPEZ OBRADOR," Sí, ya, más o menos. Pero vamos a estar inaugurando obras hasta un día antes; quizá un día antes no, pero sí a finales de septiembre.",0.0,26,22,08,2024
PRESIDENTE ANDRES MANUEL LOPEZ OBRADOR,"El lunes, que es el último día del gobierno de nosotros, el gobierno que encabezo —es lunes, creo 30— vamos a tener mañanera, porque esa es la despedida.",0.0,28,22,08,2024
PREGUNTA, ¿Va a haber preguntas?,0.0,4,22,08,2024
PRESIDENTE ANDRES MANUEL LOPEZ OBRADOR," Sí, todas las preguntas. Y nos vamos a despedir.",0.0,9,22,08,2024
PRESIDENTE ANDRES MANUEL LOPEZ OBRADOR,"A lo mejor, ¿saben qué va a pasar ese día? Sería muy bueno que se vengan ustedes acá y yo me siente allá y yo les pregunte, para que vean lo que se siente.",0.0,34,22,08,2024
PRESIDENTE ANDRES MANUEL LOPEZ OBRADOR,"Bueno, adelante, así quedamos.",0.0,4,22,08,2024
PRESIDENTE ANDRES MANUEL LOPEZ OBRADOR,Queda el compañero José Lebeña.,0.0,5,22,08,2024
PREGUNTA," Hola, buenos días.",0.0,3,22,08,2024
PREGUNTA,"José Lebeña, de Publimetro.",0.0,4,22,08,2024
PREGUNTA,"Quería puntualizar sobre su opinión luego de las declaraciones del subcomandante Marcos, que le dio una serie de calificativos, pues le llamó ‘autoritaria’, ‘mediocre’, ‘demagogo’, ‘de mecha corta’. Usted es el combo de todos los expresidentes de este país, por lo visto, ¿no? Entonces, me gustaría saber un poco más acerca de su opinión, sobre todo, de estas versiones.",0.0,59,22,08,2024
PRESIDENTE ANDRES MANUEL LOPEZ OBRADOR," No, está él en su derecho, como todos nuestros adversarios, que no son nuestros enemigos. No voy a polemizar, es que cada quien tiene que asumir su responsabilidad y hacerse cargo de sus palabras, de sus dichos.",0.0,37,22,08,2024
PREGUNTA," Algo que no hace usted en redes sociales, porque mucha gente se esconde detrás del anonimato en redes sociales. ¿Estaría a favor de regularizar las redes sociales?",0.0,27,22,08,2024
PREGUNTA,"Ayer un diputado de Podemos, es diputado de Podemos, dijo que con un número detrás de una cuenta se acabaría el 70 por ciento de los problemas de fake news en las redes sociales.",0.0,34,22,08,2024
PRESIDENTE ANDRES MANUEL LOPEZ OBRADOR, ¿Cómo? No entiendo.,0.0,3,22,08,2024
PREGUNTA, Un número como de una identificación.,0.0,6,22,08,2024
PRESIDENTE ANDRES MANUEL LOPEZ OBRADOR, ¿Buscar?,0.0,1,22,08,2024
PREGUNTA, Que detrás de cada cuenta de una red social hubiera una identificación oficial.,0.0,13,22,08,2024
PRESIDENTE ANDRES MANUEL LOPEZ OBRADOR," No, no estoy de acuerdo en eso porque tenemos que garantizar las libertades, incluso hasta el anonimato. Lo más importante es libertad de expresión.",0.0,24,22,08,2024
PRESIDENTE ANDRES MANUEL LOPEZ OBRADOR,"El que utiliza un seudónimo, el que no quiere dar su nombre, pues puede tener alguna justificación, pero por lo general no se ve bien en un país libre, democrático, pero es válido.",0.0,33,22,08,2024
PRESIDENTE ANDRES MANUEL LOPEZ OBRADOR,"En la época de la lucha revolucionaria los escritores antiporfiristas recurrían a los seudónimos. Estoy tratando de recordar. Urrea era Cabrera, escritor.",0.0,22,22,08,2024
JESUS RAMIREZ CUEVAS, Daniel Cabrera.,0.0,2,22,08,2024
PRESIDENTE ANDRES MANUEL LOPEZ OBRADOR," No, el sobrino.",0.0,3,22,08,2024
JESUS RAMIREZ CUEVAS, Luis Cabrera.,0.0,2,22,08,2024
PRESIDENTE ANDRES MANUEL LOPEZ OBRADOR," No, no era Luis, era… Creo que sí Luis, él era escritor antiporfirista y firmaba sus artículos como Urrea en el segundo apellido, era sobrino de Daniel Cabrera. Era Luis, Luis Cabrera, entonces tenía un seudónimo.",0.0,36,22,08,2024
PREGUNTA, Blas Urrea.,0.0,2,22,08,2024
PRESIDENTE ANDRES MANUEL LOPEZ OBRADOR," Blas, Blas, Blas Urrea, sí, y eso se usaba.",0.0,9,22,08,2024
PRESIDENTE ANDRES MANUEL LOPEZ OBRADOR,"Pero no hay que prohibir nada, lo único es estar informándole a la gente de los trucos en redes sociales, todo esto cómo funciona. Ese es un taller que hace falta, un seminario, pero con buena pedagogía para explicarle a la gente, no de expertos, sino explicar cómo funcionan las redes sociales, cómo automatizan las redes sociales, qué son los bots, cómo operan estos sistemas automatizados en donde reproducen pensamientos en las redes sociales que son inducidos y que se paga por eso, por cada mensaje, y quiénes pagan.",0.0,89,22,08,2024
PRESIDENTE ANDRES MANUEL LOPEZ OBRADOR,"Sí sería muy bueno que las plataformas informaran más los que es pagado, lo que… Podrían poner ahí un muñequito, un robot —ya se los vamos a diseñar— para que se pueda distinguir lo que escribe una gente de carne y hueso y un poco de pescuezo, o lo que maneja una máquina. Eso sí sería importante.",0.0,57,22,08,2024
PRESIDENTE ANDRES MANUEL LOPEZ OBRADOR,"Ya ven, antes la prensa escrita se ponía: ‘inserción pagada’; ya ni hay eso. Pero se hacía un manifiesto o se escribía algo de una empresa, de un partido y le ponían ‘inserción pagada’.",0.0,34,22,08,2024
PRESIDENTE ANDRES MANUEL LOPEZ OBRADOR,"Ahora que sacó su postura el Consejo Coordinador Empresarial, ¿le pudieron ‘inserción pagada’ en el Reforma o El Universal?, pregunto a ustedes. Porque lo han de haber pagado, ¿no?",0.0,29,22,08,2024
PREGUNTA, Cuando meten un desplegado es pagado.,0.0,6,22,08,2024
PRESIDENTE ANDRES MANUEL LOPEZ OBRADOR," Es pagado, pero no ponen.",0.0,5,22,08,2024
PREGUNTA," No lo ponen, pero se da por entendido que es una inserción pagada.",0.0,13,22,08,2024
PRESIDENTE ANDRES MANUEL LOPEZ OBRADOR," Ah, me quedé yo atrasado en eso, ya no hace falta, pero antes sí era ‘inserción pagada’. Hay periódicos que hay que ponerle a todo el periódico ‘inserción pagada’.",0.0,29,22,08,2024
PREGUNTA," Por otro lado, ya que está también aquí el jefe de gobierno, se termina ya el periodo del Congreso de la Ciudad de México y está saliendo un bono de 2.5 millones de pesos para los diputados. Me gustaría saber su opinión, y si haría un llamado a que sigan el ejemplo de Lenia Batres que ha devuelto casi medio millón de pesos en prestaciones.",0.0,65,22,08,2024
PRESIDENTE ANDRES MANUEL LOPEZ OBRADOR, A ver.,0.0,2,22,08,2024
MARTI BATRES GUADARRAMA," Bueno, a mí me ha tocado ser legislador en alguna ocasión y aquí quiero comentar: en el año 2003, 2002, 2003, que era coordinador del grupo parlamentario en la Cámara de Diputados y era presidente de la Junta de Coordinación Política, nos tocó un episodio sobre estos temas que ocurren frecuentemente en los órganos legislativos; mi opinión entonces fue precisamente, que no tenía que haber bonos de marcha, eso es lo que opino.",0.0,73,22,08,2024
PREGUNTA," Pero ¿existe, haría un llamado a que se devolviera este bono, igual que está haciendo el congreso de Puebla, que ha desaparecido?",0.0,22,22,08,2024
MARTI BATRES GUADARRAMA," En general en cualquier congreso y en la administración pública, esa es mi opinión, que no deben existir estos llamados bonos de marcha.",0.0,23,22,08,2024
PREGUNTA, De acuerdo.,0.0,2,22,08,2024
PREGUNTA,"Y ya por último comentar que 2.5 millones de trabajadores en este país laboran en aplicaciones, son repartidores, taxistas. Esta semana la mayoría de las plataformas sacaron un estudio que dice que el 95 por ciento de esos trabajadores no quieren prestaciones ni quieren seguridad social, eso es lo que dicen las plataformas. Y también esto pasa con los taxistas que trabajan en empresas concesionadas en el aeropuerto de la Ciudad de México, trabajan sin Seguro Social.",0.0,77,22,08,2024
PREGUNTA,"Me gustaría saber su opinión, si le gustaría que el próximo gobierno… Este gobierno ya empezó en el tema de la regulación con Luisa María Alcalde cuando era secretaria de Trabajo. Me gustaría saber su opinión sobre este tema, porque podrán decir las grandes multinacionales, podrán decir que no quieren prestaciones, que no quieren seguridad social, pero eso es la opinión de ellos.",0.0,63,22,08,2024
PRESIDENTE ANDRES MANUEL LOPEZ OBRADOR," Sí, yo pienso que deben de garantizarse las prestaciones laborales de quienes están en la economía formal o en la economía informal, que hacen acuerdos para que aparezcan como trabajadores individuales o que trabajan por su cuenta, y no tienen prestaciones sociales. Entonces, yo creo que eso sí debe de irse viendo. Fue un poco lo que hicimos cuando se anuló lo de la subcontratación, el outsourcing famoso, que el trabajador no tenía prestaciones.",0.0,74,22,08,2024
PRESIDENTE ANDRES MANUEL LOPEZ OBRADOR,"En la época neoliberal se reformaron las leyes para que se pudiera, incluso tener trabajadores contratados por hora, sin prestaciones, y poderlos correr, despedir sin garantizarles antigüedad, ni ninguna otra prestación.",0.0,31,22,08,2024
PRESIDENTE ANDRES MANUEL LOPEZ OBRADOR,"Todo eso se tiene que ir resolviendo, es de las cosas que se heredaron del neoliberalismo, hay muchas cosas todavía que se tienen que corregir.",0.0,25,22,08,2024
PRESIDENTE ANDRES MANUEL LOPEZ OBRADOR,"Por eso es el debate, porque al tener el movimiento de transformación mayoría calificada tiene la posibilidad de reformar la Constitución, porque si no tiene mayoría calificada no se puede reformar la Constitución; y se puede, si se tiene mayoría simple, hacer una reforma de ley, pero esa reforma de ley como ha venido sucediendo, se impugna en el Poder Judicial y se declara inconstitucional y se rechaza.",0.0,68,22,08,2024
PRESIDENTE ANDRES MANUEL LOPEZ OBRADOR,"Eso es lo que está en el fondo, ellos quieren mantener sus privilegios. Por ejemplo, que no cambie el sistema de pensiones. Si no quiere decir que deba de cambiar o que deban de desaparecer las afores, nosotros no lo hicimos, pero sí se hicieron modificaciones para que no cobraran tanto las afores a los trabajadores de comisión, porque cobraban las afores en México las comisiones más altas de toda América.",0.0,71,22,08,2024
PRESIDENTE ANDRES MANUEL LOPEZ OBRADOR,"Entonces, se hace la reforma, se llega al acuerdo: a ver, van a continuar los sistemas de manejo de las cuentas con afores, pero tenemos que bajar, reducir, lo que cobran de comisiones mediante una fórmula, y eso se logró.",0.0,40,22,08,2024
PRESIDENTE ANDRES MANUEL LOPEZ OBRADOR,"Lo otro, van a continuar las afores, pero tenemos que crear un fondo para que los trabajadores al momento de jubilarse no reciban, como estaba en la Constitución, sólo el 30 por ciento de su salario, porque eso es una gran injusticia.",0.0,42,22,08,2024
PRESIDENTE ANDRES MANUEL LOPEZ OBRADOR,"Pero nada de eso se puede hacer si no hay reformas constitucionales, que es lo que quisieran los que antes eran los dueños de México o se sentían los dueños de México.",0.0,32,22,08,2024
PRESIDENTE ANDRES MANUEL LOPEZ OBRADOR,"Y en cuanto al Poder Judicial, miren. Nada más, ayer se me pasó, pero me llegó esta nota, es de la Secretaría de Marina, que administran el Tren del Istmo. Les voy a leer la nota que me entregaron ayer. Ayer fue 20, ¿verdad? Sí. No, antier, viene firmada del 20, me llegó ayer en la mañana. Dice: ‘Información… Un señor que no voy a dar su nombre. Ponla, ponla, ponla, de por sí lo público es público.",0.0,78,22,08,2024
PRESIDENTE ANDRES MANUEL LOPEZ OBRADOR,‘Raúl Bringas Burelo basado en el decreto de ocupación temporal de los tramos que tenía concesionados Ferrosur’. Esto es… ¿Cómo se llama también Ferrosur?,0.0,24,22,08,2024
JESUS RAMIREZ CUEVAS," Ah, bueno, el Grupo México.",0.0,5,22,08,2024
PRESIDENTE ANDRES MANUEL LOPEZ OBRADOR, Grupo México.,0.0,2,22,08,2024
PRESIDENTE ANDRES MANUEL LOPEZ OBRADOR,"‘En el Corredor Interoceánico, publicado en el 23, solicitó una indemnización —un pago— por la supuesta afectación a sus intereses por la expropiación —fíjense, yo no lo creía— en 1908 —está pidiendo una indemnización por una supuesta afectación a sus intereses por una expropiación que se llevó a cabo en 1908 con Porfirio Díaz, que fue cuando se hizo ese Tren del Istmo— en un predio denominado Hacienda de Tierra Nueva, ubicado en el municipio de Coatzacoalcos, Veracruz.",0.0,78,22,08,2024
PRESIDENTE ANDRES MANUEL LOPEZ OBRADOR,"‘El 11 de octubre de 2023, el decreto de ocupación temporal quedó insubsistente —eso es lo que me dice el almirante Morales y el almirante Ojeda—, por lo que los actos reclamados quedaron sin materia. Además, que su derecho de indemnización está reescrito por tratarse de un acto realizado hace más de 100 años.’",0.0,54,22,08,2024
PRESIDENTE ANDRES MANUEL LOPEZ OBRADOR,"Esto también lo estoy dando a conocer para que los trabajadores del Poder Judicial tengan información de que no es un asunto con ellos, ellos tienen a salvo sus derechos, es lo que tiene que ver con jueces, con magistrados, ministros, los machuchones.",0.0,43,22,08,2024
PRESIDENTE ANDRES MANUEL LOPEZ OBRADOR,"‘Se le dio contestación al interesado en el sentido de que el decreto en el que se basó quedó insubsistente. Ante esto, Raúl Bringas Burelo se amparó en distintos juzgados, los cuales se declararon incompetentes —también es importante esto, no todos los jueces son deshonestos— y fue el juez sexto de distrito en Boca del Río, Veracruz, quien dio entrada al amparo y resolvió que el Corredor Interoceánico debe proporcionar al quejoso el procedimiento para ser indemnizado.",0.0,77,22,08,2024
PRESIDENTE ANDRES MANUEL LOPEZ OBRADOR,"El juez sexto de distrito ignoró por completo los argumentos de la empresa ferroviaria del istmo, aun cuando el recurso de amparo se interpuso de manera extemporánea, denotando una total parcialidad hacia el quejoso y reconociendo un beneficio prescrito, el cual no fue reclamado bajo el procedimiento legal establecido.",0.0,49,22,08,2024
PRESIDENTE ANDRES MANUEL LOPEZ OBRADOR,‘La empresa de Marina que administra el Tren del Istmo presentará recursos de revisión ante el Tribunal Colegiado y además presentará una queja ante el Órgano Interno del Consejo de la Judicatura Federal —fíjense lo esperanzado que está el almirante— por actuar indebido del juez’.,0.0,45,22,08,2024
PRESIDENTE ANDRES MANUEL LOPEZ OBRADOR,"Pero esto es diario, diario. Entonces, cómo no vamos a reformar el Poder Judicial. Y quienes defienden que siga el Poder Judicial como está pues están defendiendo esto.",0.0,28,22,08,2024
PRESIDENTE ANDRES MANUEL LOPEZ OBRADOR,"Ustedes saben que, si hay una decisión de un juez, incluso de magistrados, de ministros de que pague, si el servidor público no paga, puede ser destituido y juzgado. Cuando yo era jefe de gobierno abundaban estos casos y querían que pagáramos indemnizaciones de tiempo atrás. Una vez…",0.0,48,22,08,2024
MARTI BATRES GUADARRAMA, El paraje de San Juan.,0.0,5,22,08,2024
PRESIDENTE ANDRES MANUEL LOPEZ OBRADOR," Sí. Me denunciando por oponerme a pagar —no se me olvida la cantidad porque tiene que ver con una fecha histórica— mil 810 millones de pesos para el paraje de San Juan, una colonia muy grande en Iztapalapa, que resultó que no era propiedad de nadie, eran terrenos nacionales, pero entraron en el fraude autoridades, notarios, falsificaron documentos; y llegó a la corte y me exigían que pagara los mil 810 millones de pesos porque, si no, me iban a destituir. Y no, ¡cómo vamos a pagar eso!",0.0,88,22,08,2024
PRESIDENTE ANDRES MANUEL LOPEZ OBRADOR,"Además, dicen los abogados ‘cosa juzgada’, o sea, como mandato divino ya, ya no hay otra instancia, ya no se puede hacer nada.",0.0,23,22,08,2024
PRESIDENTE ANDRES MANUEL LOPEZ OBRADOR,"Y todo esto está vinculado a la corrupción porque, al momento que una autoridad judicial ordena a un funcionario que pague, el funcionario ya tiene una justificación y entonces paga, y recibe por haber pagado, por haber hecho el trámite, por portarse bien, una compensación, una recompensa, un soborno, un moche. Pero esto es así. Entonces debemos de seguir limpiando de corrupción.",0.0,62,22,08,2024
PRESIDENTE ANDRES MANUEL LOPEZ OBRADOR,"Ya, José. Vamos por acá y luego contigo.",0.0,8,22,08,2024
PREGUNTA," Presidente, buenos días.",0.0,3,22,08,2024
PREGUNTA,"Pedro Villa y Caña, del periódico El Universal.",0.0,8,22,08,2024
PREGUNTA,"Presidente, preguntarle, hace unos minutos acaba de tocar el tema del Poder Judicial, de esta reforma. Hay un documento que circula, de la Secretaría de Hacienda, en donde señala que el paro de los trabajadores del Poder Judicial es ilegal, incluso llama al Consejo de la Judicatura Federal a suspender los pagos y sancionar a quienes se mantengan en el paro. ¿Usted sabía de este documento?",0.0,66,22,08,2024
PRESIDENTE ANDRES MANUEL LOPEZ OBRADOR," Sí, pero además lo saben los del Poder Judicial, ellos saben que no pueden detener el funcionamiento del Poder Judicial.",0.0,20,22,08,2024
PRESIDENTE ANDRES MANUEL LOPEZ OBRADOR,"Quien tiene que ver eso, a quien le corresponde atender este asunto, es al Consejo de la Judicatura. Y tengo entendido que se reunieron ayer y no llegaron a nada porque el Consejo de la Judicatura, la presidenta del Consejo de la Judicatura es la señora Piña.",0.0,47,22,08,2024
PRESIDENTE ANDRES MANUEL LOPEZ OBRADOR,"Por eso falta también la reforma, porque imagínense que el órgano encargado de la fiscalización y del buen comportamiento de jueces, de magistrados, de ministros, es dominado por la corte, o sea, no es un órgano independiente. En cambio, en la reforma lo que se propone es que los ciudadanos, además de elegir a los jueces, magistrados, ministros, elijan también a magistrados de un tribunal que se va a hacer cargo de cuidar el buen comportamiento de jueces, magistrados y ministros, con independencia.",0.0,83,22,08,2024
PRESIDENTE ANDRES MANUEL LOPEZ OBRADOR,"Porque es de sentido común. Díganme si saben de casos en donde se haya sancionado a un juez, a un magistrado, a un ministro; quizá uno o dos, tres, en los últimos 30 años.",0.0,34,22,08,2024
PRESIDENTE ANDRES MANUEL LOPEZ OBRADOR,"Mi opinión es que no se les impida la libertad, que no se les limite la libertad de manifestarse, porque, si no, van a poner el grito en el cielo y nos van a acusar de represores. No, no, no.",0.0,40,22,08,2024
PRESIDENTE ANDRES MANUEL LOPEZ OBRADOR,"Ahorita ya nuestro pueblo está muy consciente. Y todos los actores públicos tenemos que aprender a autolimitarnos. Cuando hay ese tipo de cosas no lo ve bien la gente, no hay necesidad de prohibir, todos esos actos son regulados cuando existe una sociedad como ahora, muy consciente.",0.0,47,22,08,2024
PRESIDENTE ANDRES MANUEL LOPEZ OBRADOR,"Y, por otro lado, yo quisiera que este señor estuviese en huelga, o sea, este juez, no sé para qué está en activo. Y así me gustaría que estuvieran otros. Nada más la única que quisiera yo que esté en activo es la señora Piña, que tiene ahí un asuntito que nos interesa mucho, que ya le mandamos una carta ayer.",0.0,61,22,08,2024
PREGUNTA, ¿Ya le contestó?,0.0,3,22,08,2024
PRESIDENTE ANDRES MANUEL LOPEZ OBRADOR," La carta, sí, pero no la vamos a leer, se las vamos a dar, sí. Nada más ponla así, no la vamos a leer. Pero, sí, le estamos pidiendo que ya nos resuelva un caso de 35 mil millones de pesos.",0.0,41,22,08,2024
PRESIDENTE ANDRES MANUEL LOPEZ OBRADOR,"Y además aprovecho para que… Ya no nos va a tocar a nosotros, pero se lo dejamos al próximo gobierno. Pero, si nos tocara a nosotros, consultaríamos, no tan formal, pero decir: a ver, ¿en qué usamos los 35 mil millones?, así como hicimos con la venta del avión presidencial, que son dos hospitales, uno en Tlapa, Guerrero, la zona más pobre de México y de Guerrero, en La Montaña, y otro hospital en Tuxtepec, Oaxaca, también muy pobre; ya ahí se va a acordar la gente de que eso era, eso se hizo, dos hospitales de primera en las zonas más pobres, con el dinero de la venta del avión presidencial y de otros aviones y aeronaves.",0.0,118,22,08,2024
PRESIDENTE ANDRES MANUEL LOPEZ OBRADOR,"Entonces, sí me gustaría: a ver, 35 mil millones, ¿en qué? Por ejemplo, en más becas para niños pobres, subirles el apoyo a personas con discapacidad, cuando menos hasta donde alcance, ¿no?",0.0,32,22,08,2024
PREGUNTA, ¿Y cuánto subiría?,0.0,3,22,08,2024
PRESIDENTE ANDRES MANUEL LOPEZ OBRADOR," Pues habría que hacer la cuenta, pero sí ayuda.",0.0,9,22,08,2024
PRESIDENTE ANDRES MANUEL LOPEZ OBRADOR,"O todo el resto del año meterlo al subsidio a la luz para que los consumidores de luz paguen menos, o sea, se le distribuya; nada más haciéndoles la recomendación, que eso lo debemos de tener muy en cuenta: ahorra un poco, apaga un foco; no se gaste más de luz, de agua; cuando se abra la llave del agua piensen en que debemos de cuidar el agua.",0.0,68,22,08,2024
PRESIDENTE ANDRES MANUEL LOPEZ OBRADOR,"Había un mensaje —a ver si lo conseguimos— de un buen actor. Además, como supe que era simpatizante, hasta en aquellos tiempos, que decía: ‘Ciérrale’ Es de Monterrey, de Nuevo León para el agua. Igual lo de la luz, ahorrar.",0.0,40,22,08,2024
PRESIDENTE ANDRES MANUEL LOPEZ OBRADOR,Ahí está la carta,0.0,4,22,08,2024
PREGUNTA," Presidente, solamente para aclarar, ¿entonces usted llamaría a que no se les haya alguna afectación a quienes se están manifestando, ya sea por su salario o…?",0.0,26,22,08,2024
PRESIDENTE ANDRES MANUEL LOPEZ OBRADOR, ¿Cómo? ¿cómo?,0.0,2,22,08,2024
PREGUNTA, Que si llamaría a que no hubiera alguna sanción a los trabajadores del Poder Judicial que se están manifestando.,0.0,19,22,08,2024
PRESIDENTE ANDRES MANUEL LOPEZ OBRADOR," Sí. No, no, yo estoy a favor de los trabajadores, de que se manifiesten libremente; nada más que ellos apliquen el método de la autocrítica y que no caigan en la autocomplacencia, y que no se dejen manipular, porque no hay nada, nada, nada, en la iniciativa de reforma que les afecte.",0.0,52,22,08,2024
PRESIDENTE ANDRES MANUEL LOPEZ OBRADOR,"Entonces, de todas formas, tienen todo el derecho de manifestarse. Legalmente lo tiene que atender el Consejo de la Judicatura. Y saben ellos que no pueden dejar de prestar el servicio, pero este es un país de libertades plenas y no hay represión.",0.0,43,22,08,2024
PREGUNTA, Pero su gobierno está (inaudible) la suspensión de pagos y el despido de quienes participan en el paro.,0.0,18,22,08,2024
PRESIDENTE ANDRES MANUEL LOPEZ OBRADOR," No, no, no, nada.",0.0,4,22,08,2024
PREGUNTA, Es que eso dice el oficio de Hacienda.,0.0,8,22,08,2024
PRESIDENTE ANDRES MANUEL LOPEZ OBRADOR," Ah, bueno, pero, si es necesario, lo corregimos. No, no, no. Es que también los servidores públicos tienen que actuar así por su responsabilidad, pero en este caso la libertad tiene que estar por delante y por encima.",0.0,38,22,08,2024
PREGUNTA, ¿Entonces llamaría a que se revisara este documento?,0.0,8,22,08,2024
PRESIDENTE ANDRES MANUEL LOPEZ OBRADOR," Sí. Yo mejor hago un llamado, ¿no?, a que los que se están manifestando recapaciten, o sea, que entren en razón, que no se dejen manipular. Y que, si hubiese alguna afectación a sus intereses, que presenten específicamente por qué ellos están en contra.",0.0,44,22,08,2024
PRESIDENTE ANDRES MANUEL LOPEZ OBRADOR,"Porque lo que se está planteando es elegir a los jueces. Y, además, no se les va a quitar el derecho a los jueces actuales, ni a los magistrados, a los ministros; es más, ellos tienen pase directo para ser candidatos. Los nuevos que se inscriban, si son muchos, la comisión va a revisar si llenan los requisitos. Y si son muchos y se va elegir a un juez y van a haber 200 solicitudes, pues se va a revisar si cumplen con los requisitos; pero, si cumplen con los requisitos de 200, 150, de todas maneras, para uno, entonces va a haber un procedimiento de insaculación para ver quiénes van a ir a la boleta, pero no lo va a decidir nadie, va a ser la suerte, llenando el requisito cualquier ciudadano, en este caso abogado, puede participar. Es lo más transparente.",0.0,143,22,08,2024
PRESIDENTE ANDRES MANUEL LOPEZ OBRADOR,"Además, dice Aguilar que es una dictadura. ¿Quién va a ejercer la dictadura? Sólo que esté pensando en la dictadura del proletariado, porque yo ya me voy. Y así como estimo importante la honestidad como lo más importante en mi vida, pues también para mí es importante la congruencia. No puedo decir: ya me voy, y resulta que no es así, que me voy a quedar; o que desde Palenque voy a estar influyendo. No soy hipócrita, no voy a ser jefe máximo, ni líder moral, ni caudillo, ni hombre fuerte, ni mucho menos cacique. Yo ya me jubilo, ya me dedico a hacer mi trabajo de investigación, que ya me está empezando a apasionar porque es un tema importantísimo el poder demostrar científicamente de que las sociedades prehispánicas nos heredaron elementos buenos, que es lo que en la actualidad nos protege, nos distingue, nos hace excepcionales y somos una potencia cultural en el mundo, probarlo.",0.0,156,22,08,2024
PRESIDENTE ANDRES MANUEL LOPEZ OBRADOR,"Entonces, me va a llevar tiempo, son como tres años de investigación. Ya tengo mi bibliografía básica, no hay mucho, pero ya lo básico ya lo tengo, ya me llevo mis libros. Laura me está ayudando, que me ha ayudado durante años, son como 100 textos, 100 libros, no hay mucho.",0.0,51,22,08,2024
PRESIDENTE ANDRES MANUEL LOPEZ OBRADOR,Ayer vino el abogado Quijano.,0.0,5,22,08,2024
PREGUNTA, ¿Javier?,0.0,1,22,08,2024
PRESIDENTE ANDRES MANUEL LOPEZ OBRADOR," Sí, Javier, y me trajo de regalo precisamente, por lo mismo, una Constitución de 1824, un documento histórico. Pero ya tengo lo que voy a requerir.",0.0,26,22,08,2024
PRESIDENTE ANDRES MANUEL LOPEZ OBRADOR,"Entonces, quien va a ejercer como presidenta, como titular del Ejecutivo, pues es la doctora Claudia Sheinbaum.",0.0,17,22,08,2024
PRESIDENTE ANDRES MANUEL LOPEZ OBRADOR,"Y, además, en tres años, que es lo que deberían ya estar pensando, en tres años vienen elecciones para la renovación de la Cámara de Diputados. ¿Por qué, en vez de estar aferrados, haciendo hasta el ridículo, no se ponen a definir una estrategia?",0.0,44,22,08,2024
PRESIDENTE ANDRES MANUEL LOPEZ OBRADOR,"Primero, hacer una revisión autocrítica, por qué el pueblo no quiso que regresara la corrupción. ¿O Aguilar piensa que estaba mejor México con Salinas o con Zedillo? ¿Por qué no revisa eso, y todos los intelectuales, que si era correcto el que ellos recibieran dinero para respaldar a un régimen que se caracterizó por la corrupción, y que fue el gobierno —me refiero al de Salinas— que propició la mayor desigualdad económica y social en el país?",0.0,77,22,08,2024
PRESIDENTE ANDRES MANUEL LOPEZ OBRADOR,"Entonces, es una exageración, que nos compare. Zafo.",0.0,8,22,08,2024
PREGUNTA," Presidente, ayer la Comisión de Prerrogativas y Partidos Políticos del INE aprobó por unanimidad los anteproyectos que plantea la distribución de plurinominales para la Cámara de Diputados, en donde Morena y partidos aliados tendrían mayoría calificada y para el Senado donde están a dos escaños de alcanzarla. La propuesta fue avalada en lo general por unanimidad y pasará su discusión al Consejo General del INE este viernes.",0.0,67,22,08,2024
PREGUNTA,¿Usted siguió puntual esta discusión ahí en el órgano electoral?,0.0,10,22,08,2024
PRESIDENTE ANDRES MANUEL LOPEZ OBRADOR," No, no, pero sí me informé, o sea, sí me informaron. Y creo que fue correcto, porque es muy clara la Constitución y la ley de la materia.",0.0,28,22,08,2024
PRESIDENTE ANDRES MANUEL LOPEZ OBRADOR,"Lo que están buscando los del bloque conservador de manera deshonesta, en el sentido amplio del término, del concepto, es que se viole la Constitución y se viole la ley de la materia. ¡Cómo es posible que quieran que se interprete la Constitución estando tan preciso, porque no hay lugar a interpretación! Pero no sólo eso, se necesita ser cínico, cretino, para estar pidiendo una distribución de las plurinominales distinta a la que se ha hecho en los últimos 15 años; porque si no hubiese antecedentes, a lo mejor, ¿no?",0.0,90,22,08,2024
MARTI BATRES GUADARRAMA, Desde el 96 está.,0.0,4,22,08,2024
PRESIDENTE ANDRES MANUEL LOPEZ OBRADOR," Desde el 96. Entonces, ¿por qué el doble discurso de hablar del Estado de derecho, de que la ley es la ley?",0.0,22,22,08,2024
PRESIDENTE ANDRES MANUEL LOPEZ OBRADOR,"Pero ahora, como no quieren que se reforme la Constitución en beneficio del pueblo de México y quieren seguir manteniendo los privilegios de una minoría, entonces lo que piden de manera descarada, abierta, es: ‘viólese la Constitución’. ¿Y eso es democrático?",0.0,41,22,08,2024
PRESIDENTE ANDRES MANUEL LOPEZ OBRADOR,"Yo planteé una reforma electoral, y volví ahora a proponerlo, para que no haya plurinominales porque creo que no debe de haber, tiene que elegir el pueblo de manera directa. Entonces, en vez de 500 diputados, 300, uno por distrito, electo por el pueblo. ¿Por qué la lista de 200?",0.0,50,22,08,2024
PRESIDENTE ANDRES MANUEL LOPEZ OBRADOR,"Ah, ¿qué hicieron?, rechazaron mi propuesta, así no habría ningún problema, no se estaría ahorita viendo cómo se va a repartir a los 200 diputados plurinominales.",0.0,26,22,08,2024
PRESIDENTE ANDRES MANUEL LOPEZ OBRADOR,"Entonces, que aprueben la iniciativa que se va a discutir en la nueva legislatura para que no haya plurinominales, y ya que quede en la Constitución, ya se resuelve el problema.",0.0,31,22,08,2024
PRESIDENTE ANDRES MANUEL LOPEZ OBRADOR,"Pero imagínense que está en la mesa hablando del tema el que fue presidente del INE. Para empezar, no sé qué canal de televisión sea, pero todos, todos, todos, son del bloque conservador, por aquello de los equilibrios democráticos. Y veo ahí a Lorenzo Córdova, que fue presidente del INE.",0.0,50,22,08,2024
JESUS RAMIREZ CUEVAS, Ahora es comentarista de Latinus.,0.0,5,22,08,2024
PRESIDENTE ANDRES MANUEL LOPEZ OBRADOR, Ah.,0.0,1,22,08,2024
PRESIDENTE ANDRES MANUEL LOPEZ OBRADOR,"Entonces, cuando él fue presidente del INE, ¿qué fórmula aplicó?, pues la que está en la Constitución y está en la ley. ¿Por qué ahora quiere cambiarla? ¿Y quién es él para cambiarla, si no se modifica la Constitución? Porque si él no hubiese participado, a lo mejor, ¿no?",0.0,49,22,08,2024
PRESIDENTE ANDRES MANUEL LOPEZ OBRADOR,"O Héctor Aguilar, que se dio cuenta hasta ahora de que es inequitativo el reparto de los plurinominales, se vino a dar cuenta ahora. Puede ser, tiene alguna justificación, pero el presidente del INE anterior, que aplicó ya la fórmula, que ahora se oponga, ¿cómo se llama eso? Bueno, ahí lo dejo de tarea.",0.0,54,22,08,2024
PREGUNTA," Presidente, por último, ayer una jueza absolvió a los asesinos de, a los presuntos asesinos de Guadalupe Barajas Piña, una buscadora en Guanajuato.",0.0,23,22,08,2024
PREGUNTA,"En el desahogo de pruebas se comprobó que los cuatro imputados eran culpables, pero la fiscalía estatal los absolvió de toda responsabilidad.",0.0,22,22,08,2024
PREGUNTA,¿Se ha tocado este tema? ¿Se tocó este tema hoy en el Gabinete de Seguridad?,0.0,15,22,08,2024
PRESIDENTE ANDRES MANUEL LOPEZ OBRADOR," No, hoy no, no lo tocamos, pero seguramente se va a tratar. Pero es que diario es eso, diario, tenemos que estar tratando este asunto.",0.0,25,22,08,2024
PRESIDENTE ANDRES MANUEL LOPEZ OBRADOR,"Yo quiero repetir la propuesta, con todo respeto, porque ya está la iniciativa en manos de los legisladores, para que en la reforma al Poder Judicial se busque un mecanismo con el propósito de que jueces, magistrados, ministros, puedan tener protección y que puedan resolver sin que se conozca su identidad.",0.0,51,22,08,2024
PREGUNTA, Sin rostro.,0.0,2,22,08,2024
PRESIDENTE ANDRES MANUEL LOPEZ OBRADOR," Sí, porque también es corrupción, pero amenazas. Desde luego, no por amenazas se va a aceptar la corrupción o se va a cometer una injusticia, es preferible dejar ese cargo y ocuparse de otra cosa.",0.0,35,22,08,2024
PRESIDENTE ANDRES MANUEL LOPEZ OBRADOR,"Sin embargo, se puede buscar un mecanismo para que se proteja a quienes nieguen un amparo a un delincuente, a un familiar de un delincuente peligroso, a quienes aprueben una extradición, quienes dicten sentencia, en caso de delincuentes peligrosos, que además puedan amenazar, eso se puede resolver todavía.",0.0,48,22,08,2024
PRESIDENTE ANDRES MANUEL LOPEZ OBRADOR,"Comentaba yo que, en el caso de la policía… Por eso es muy buena la Guardia Nacional y también el que participe Marina y Defensa en tareas de seguridad, porque si se deja solo a los policías municipales, ellos están más expuestos, son más vulnerables, ahí viven sus familiares.",0.0,49,22,08,2024
PRESIDENTE ANDRES MANUEL LOPEZ OBRADOR,"Y en algunas zonas, no en todo el país, también eso hay que puntualizarlo, sí hay policías municipales muy controlados por las bandas, por la delincuencia, policías estatales, menos que los municipales. Pero es por eso. Y hacia arriba, Guardia Nacional, como tienen más movilidad, soldados, marinos, es distinto.",0.0,49,22,08,2024
PRESIDENTE ANDRES MANUEL LOPEZ OBRADOR,"Entonces, hay muchas cosas que pueden hacerse.",0.0,7,22,08,2024
PRESIDENTE ANDRES MANUEL LOPEZ OBRADOR,"Y, desde luego, por ejemplo, los delincuentes de cuello blanco, eso es puro dinero, puros ‘cañonazos’ a jueces, a magistrados, a ministros, es pura plata. Pero lo otro es plata o plomo, en algunos casos; entonces, hay que cuidar a la autoridad, nada más, para eso.",0.0,46,22,08,2024
PRESIDENTE ANDRES MANUEL LOPEZ OBRADOR,"A ver, vámonos para acá.",0.0,5,22,08,2024
PREGUNTA," ¿Presidente, solicitará la extradición de Joaquín Guzmán?",0.0,7,22,08,2024
PRESIDENTE ANDRES MANUEL LOPEZ OBRADOR, Vamos a esperar a que termine la investigación.,0.0,8,22,08,2024
PREGUNTA," ¿Entonces se confirma que el avión salió de Culiacán, Sinaloa? Es que ayer la fiscalía no lo precisa, dice que localizó con precisión, pero no da más detalles. ¿El avión sí salió de Sinaloa? No sé quién reporta eso.",0.0,39,22,08,2024
PRESIDENTE ANDRES MANUEL LOPEZ OBRADOR, No sé si ellos…,0.0,4,22,08,2024
JESUS RAMIREZ CUEVAS," La ubicación del rancho, ni de la pista. Dice que ya tiene ubicados y que está haciendo diligencias, pero no da ubicación.",0.0,22,22,08,2024
PRESIDENTE ANDRES MANUEL LOPEZ OBRADOR, A ver si hoy dan a conocer.,0.0,7,22,08,2024
PREGUNTA," Es que en una anterior habían dicho que habían hecho diligencias en predios de Culiacán, Sinaloa, entonces eso quedó un poco ambiguo.",0.0,22,22,08,2024
PRESIDENTE ANDRES MANUEL LOPEZ OBRADOR," A ver si hoy lo aclaran, para que no me lo atribuyan a mí.",0.0,14,22,08,2024
PREGUNTA," Muy buenos días. Juan Hernández, de Diario Basta, de Grupo Cantón, Tabasco Hoy, Campeche Hoy y Quintana Roo Hoy.",0.0,19,22,08,2024
PREGUNTA,"Bueno, aunque ya sabemos que ya se ha hablado mucho sobre este tema del Poder Judicial, del paro, en Diario Basta hemos dado seguimiento precisamente a todo esto, lo que hay atrás del Poder Judicial, de los lujos, en este caso también aquí dimos a conocer de este pequeño retiro hormiga que se había autorizado.",0.0,55,22,08,2024
PREGUNTA,"Pero aquí no se está hablando de otra parte, de otra parte afectada, y sí me gustaría leerle esto que vamos a sacar, a publicar próximamente, que es la opinión de una especialista, Mina Moreno, que nos está hablando de aquella parte afectada. Y dice así:",0.0,46,22,08,2024
PREGUNTA,"‘Estalló el paro nacional de los jueces, magistrados y trabajadores del Poder Judicial. Alegan que no se les escuchó. ¿Y ellos pensaron y escucharon en los justiciables? Hablemos específicamente de los juicios de amparo en materia penal, aquellos casos que se encuentran con audiencia constitucional señalada precisamente después del 21 de agosto, casos donde el acto reclamado sea una vinculación a proceso, en las que las autoridades responsables deben rendir su correspondiente informe justificado: órdenes de captura ejecutadas y que también tienen señalada, precisamente, su todo su trabajo para estos días. Aquellos casos que se celebró esta audiencia constitucional y están pendientes de dictar sentencia definitiva o los diversos donde se está solicitando el cumplimiento a la ejecutoria de amparo exigiendo la pronta libertad’ Estamos escuchando a una especialista hablando de procura aquí.",0.0,133,22,08,2024
PREGUNTA,"‘El 19 de agosto, a través de la jueza Rubí Celia Castellanos Barradas, coordinadora de los seis juzgados en materia de amparo legal —perdón— de amparo penal de la Ciudad de México, hizo del conocimiento del público en general que se suspendían labores de forma indefinida, mientras subsistían las condiciones que dieron origen, situación similar se replicó en todo el país a todos los juzgados; y mientras, jueces y magistrados federales van a la suspensión de labores que en materia penal, debido a la naturaleza jurídica, es a todas luces inconstitucional y va incluso en contra de la Ley de Amparo, pues la paralización de los juicios en trámite cuyo acto reclamado sea la privación de la libertad que cada uno de estos 16 órganos jurisdiccionales, solamente en la Ciudad de México.",0.0,132,22,08,2024
PREGUNTA,"‘¿Qué pasará con quienes se encuentra con una medida precautoria de privación de la libertad y es inocente? Habrá más inocentes en la cárcel gracias a la paralización del Poder Judicial Federación, pero eso es solamente es en materia penal. Pero ¿qué pasará en los juicios de amparo en trámite donde la madre desesperada pide como reclamo la custodia de sus hijos o en dónde pide cuestiones de salud, de migración, de extradición, de remate de inmuebles?, sólo por citar algunos ejemplos. ¿Acaso pensaron en los justiciables? ¿Dónde quedó la justicia federal?’",0.0,92,22,08,2024
PREGUNTA,"Y, bueno, nada más como agregado:",0.0,6,22,08,2024
PREGUNTA,"‘Sólo pueden paralizarse los juicios de amparo en materia penal por causas de fuerza mayor, ejemplo: un terremoto, una revuelta, una revolución armada o un estallido de guerra contra otro país. La Constitución no contempla la paralización de juicios penales y de amparo en materia penal por paro de los juzgadores ni la toma de instalaciones federales como son los juzgados y tribunales.’",0.0,63,22,08,2024
PREGUNTA,Esto es la otra parte que no se menciona.,0.0,9,22,08,2024
PRESIDENTE ANDRES MANUEL LOPEZ OBRADOR," Sí, sí eso está muy claro, tiene la razón la abogada, así debe ser, nada más que está tan mal el Poder Judicial que eso no sólo lo están haciendo ahora, es decir, incumpliendo con su responsabilidad, es lo que cotidianamente realizan, aunque no estén en paro.",0.0,47,22,08,2024
PRESIDENTE ANDRES MANUEL LOPEZ OBRADOR,"A ver, ¿cuántas personas detenidas hay sin sentencia? O sea, ¿por qué no un día aquí…? ¿Y qué, no tiene que haber justicia pronta y expedita?",0.0,26,22,08,2024
PRESIDENTE ANDRES MANUEL LOPEZ OBRADOR,"A ver si podemos, no ahora, pero preparar una numeraria sobre cuántos detenidos no están sentenciados, y desde cuándo, o sea, para enterarnos.",0.0,23,22,08,2024
PRESIDENTE ANDRES MANUEL LOPEZ OBRADOR,"Pero, otra cosa, pedirle a la fiscalía que nos informe de cuántas órdenes de aprehensión solicitan y no se las autorizan los jueces. Dos, dos.",0.0,25,22,08,2024
PRESIDENTE ANDRES MANUEL LOPEZ OBRADOR,"Tres, el tiempo de las audiencias, sobre todo en el caso de defraudación fiscal. Ese, tenemos un cuadrito nosotros donde hay denuncias contra quienes no pagan impuestos y se llevan… A ver si lo ponemos el cuadrito.",0.0,37,22,08,2024
PRESIDENTE ANDRES MANUEL LOPEZ OBRADOR,"Pero me falta una. Ah, el tema este que estamos tratando ahora, cuánto tiempo lleva en la corte, el que tiene la señora Piña, sáquenle la cuenta.",0.0,27,22,08,2024
PREGUNTA, Nueve meses.,0.0,2,22,08,2024
PRESIDENTE ANDRES MANUEL LOPEZ OBRADOR," Sí, pero desde que empezó, desde que comenzó, esto viene desde Fox.",0.0,12,22,08,2024
PREGUNTA, Lo de Salinas Pliego.,0.0,4,22,08,2024
PRESIDENTE ANDRES MANUEL LOPEZ OBRADOR, La empresa. ¿Cuántos años? ¿Dónde está la responsabilidad?,0.0,8,22,08,2024
PRESIDENTE ANDRES MANUEL LOPEZ OBRADOR,"No, esto no, esta es otra, esto es para ponerlo en un cuadro. Pero ponlo, ponlo, ponlo, porque esto es buenísimo, estos son los ‘sabadazos’. Cómo, de 250 libertades, 192 los fines de semana y 58 de lunes a jueves.",0.0,40,22,08,2024
PRESIDENTE ANDRES MANUEL LOPEZ OBRADOR,"Y ya saben por qué son los ‘sabadazos’, ¿no?, porque dan la orden, ‘libérenlo el sábado’. Y antes decían ‘tienen 24 horas’, y ahora 12, y a veces ‘tienen dos horas’, ‘y ya no da tiempo’. Además, si es fin de semana, de investigar en otros estados si no hay órdenes de aprehensión pendientes. Esta es una joya.",0.0,58,22,08,2024
PRESIDENTE ANDRES MANUEL LOPEZ OBRADOR,"Pero este otro, casos de defraudación fiscal, las fechas de las audiencias, miren los días que transcurren para iniciar un proceso.",0.0,21,22,08,2024
PRESIDENTE ANDRES MANUEL LOPEZ OBRADOR,"Bueno, esto es lo que va a vigilar este órgano que se está proponiendo para que estas cosas no sucedan. Estamos hablando de 129 mil millones de pesos, es el presupuesto como de Puebla, ¿no?, el presupuesto de Puebla.",0.0,39,22,08,2024
MARTI BATRES GUADARRAMA, Aquí son como 260 mil.,0.0,5,22,08,2024
PRESIDENTE ANDRES MANUEL LOPEZ OBRADOR," Aquí 260. O sea que sí, es la mitad del presupuesto de la ciudad; Puebla, 129, le atinamos, el presupuesto de un estado, nada más por la demora.",0.0,28,22,08,2024
PRESIDENTE ANDRES MANUEL LOPEZ OBRADOR,"Entonces, van con los jueces, los abogados, y largas, y largas, y largas. Y luego, un mes de vacaciones los ministros, un mes. Y, desde luego, no trabajan ni sábado ni domingo, y ganan cuatro veces más que el presidente.",0.0,40,22,08,2024
PRESIDENTE ANDRES MANUEL LOPEZ OBRADOR,"Pero está muy bien lo que dice la abogada, o sea, eso es. Lo que sucede es que está muy mal el Poder Judicial. Ese es en el caso del paro, ¿no?, pero no haría falta…",0.0,36,22,08,2024
PREGUNTA," Y es que ahí viene lo del oficio de Hacienda, que como están incumpliendo en una responsabilidad… Y aquí es donde viene el papel del Consejo de la Judicatura Federal, que se supone que ellos son los que deben de… Independientemente de, bueno…. Y no sé, y voy a decir que soy ignorante en el caso del tema de la Secretaría de Hacienda, o sea, perdón, del Trabajo, ¿quién debería de en este caso de regular esa parte? Porque, en este caso, el Consejo de la Judicatura es el que debería de definir si les paga o no les paga, en este caso a quienes están incumpliendo en esta obligación o en esta responsabilidad.",0.0,114,22,08,2024
PREGUNTA,"Pero también, en este caso, el 22 de noviembre curiosamente se les acerca su pago del tercer bono, que es de mes y medio, es de lo que usted nos ha venido mencionando de estos ingresos extraordinarios adicionales a su salario. Algún juez puede ganar 50 mil pesos o algún trabajador, pero con los ingresos extraordinarios que en este caso pueden ser, bueno, aguinaldo, prima vacacional, las asignaciones adicionales, estímulo del Día del Padre y la Madre, pago por riesgo, estímulo del Día del Padre, vestuario, estímulo por antigüedad, ayuda al personal operativo, ayuda de despensa. Pues casi podríamos hablar de que se rebasan hasta los 130 o 150 mil pesos mensuales.",0.0,112,22,08,2024
PRESIDENTE ANDRES MANUEL LOPEZ OBRADOR, Sí.,0.0,1,22,08,2024
PREGUNTA," Pero en este caso de su bono trimestral que, bueno, son tres entregas. Este sería, como le mencioné, el 22 de noviembre y que asciende a mes y medio de salario.",0.0,31,22,08,2024
PREGUNTA,"Entonces, pues algunos de estos empleados… Nos referimos de los mandos para arriba, porque la base, la base está muy castigada, eso es, digamos, dividir, precisamente no es todo malo en el Poder Judicial, porque no es así, están los que realmente se avientan la faena diaria, pero están aquellos que se han separado de… o sea, se han separado, digamos, de la gente.",0.0,64,22,08,2024
PREGUNTA,"Eso sería, bueno, el complemento a esta situación, eso sería por ese lado.",0.0,13,22,08,2024
PREGUNTA,"Y por el otro, hay otro tema pendiente que es el de Calica, el de Vulcan, pues prácticamente le están apostando a que ya finaliza este sexenio y que pues en este caso no se concrete nada. ¿Qué va a pasar con Vulcan? ¿qué va a pasar con este…?",0.0,49,22,08,2024
PRESIDENTE ANDRES MANUEL LOPEZ OBRADOR," Ya está el proceso de declarar zona natural protegida, ya inició el proceso legal, y se están cumpliendo los términos para, antes de que concluya el gobierno, se declare zona, área Natural Protegida.",0.0,33,22,08,2024
PREGUNTA, Muy bien. ¿Esto cuándo podríamos saber cuándo sería? ¿Podría ser antes de finalizar su sexenio?,0.0,15,22,08,2024
PRESIDENTE ANDRES MANUEL LOPEZ OBRADOR," Ya se están haciendo las consultas, todo lo que establece la ley, y yo espero que para principios de septiembre.",0.0,20,22,08,2024
PREGUNTA, Perfecto.,0.0,1,22,08,2024
PREGUNTA,"Finalmente, ya para no acaparar el micrófono, y le pido una disculpa a mis compañeros: la gente nos ha abordado en la calle, nos pide, bueno, nos pregunta si usted algún día podría destinarles para la firma de su libro, principalmente los adultos mayores, y fue por la expectativa que despertó usted hace unos días cuando salió al Zócalo a la presentación de la doctora Beatriz Gutiérrez Mueller, mucha gente se acercó a pedirnos si le podíamos hacer llegar el libro.",0.0,81,22,08,2024
PREGUNTA,"Curiosamente nos hicieron llegar preguntas de cosas que querían saber de usted. El pueblo le quería hacer una entrevista a usted, una entrevista de semblanza. Aquí traigo las preguntas, no las voy a leer, pero sí me gustaría hacérselas llegar.",0.0,40,22,08,2024
PRESIDENTE ANDRES MANUEL LOPEZ OBRADOR, Yo los invito para el informe.,0.0,6,22,08,2024
PREGUNTA, ¿Ahí va a firmar libros?,0.0,5,22,08,2024
PRESIDENTE ANDRES MANUEL LOPEZ OBRADOR," Ah, no. Es que, la verdad, son muchos, muchos. Y, además, sí firmo, cada vez que voy a las giras firmo libros, bastantes, pero son muchos. Mejor así, abrazos, abrazos, abrazos, cariñosísimos.",0.0,32,22,08,2024
PRESIDENTE ANDRES MANUEL LOPEZ OBRADOR,"O sea, ellos saben, la gente sabe que, así como me quieren, los quiero yo, y un poquito más todavía. Que es amor con amor se paga, o sea, que sinceramente los amo. Es una dicha enorme el tener amor al prójimo, aplicar esa ideología que se resume en esa frase: amor al prójimo.",0.0,54,22,08,2024
PRESIDENTE ANDRES MANUEL LOPEZ OBRADOR,"Entonces, últimamente en las giras hay muchos sentimientos. Yo ya no me voy a dedicar a la política, pero ya nos vimos bastante tiempo, nos vamos a seguir queriendo. Es como decía el gran cantautor Juan Gabriel, es amor eterno, amor eterno.",0.0,42,22,08,2024
PREGUNTA, (inaudible),0.0,1,22,08,2024
PRESIDENTE ANDRES MANUEL LOPEZ OBRADOR," Sí, pero me voy mi conciencia tranquila y muy contento. De eso voy a hablar el día 1º.",0.0,18,22,08,2024
PRESIDENTE ANDRES MANUEL LOPEZ OBRADOR,"¿Por qué no pones a Juan Gabriel? Pero no la de Amor eterno, porque esa nos va a poner tristes, otra. ¿Cuál? A ver, ustedes. ¿Se acuerdan una que…?",0.0,29,22,08,2024
JESUS RAMIREZ CUEVAS," ’Costumbres, tengo a la mano aquí.",0.0,6,22,08,2024
PRESIDENTE ANDRES MANUEL LOPEZ OBRADOR," Ándale, ándale.",0.0,2,22,08,2024
PREGUNTA," Las calificadoras siguen advirtiendo sobre la reforma, presidente.",0.0,8,22,08,2024
PRESIDENTE ANDRES MANUEL LOPEZ OBRADOR, ¿Las qué?,0.0,2,22,08,2024
PREGUNTA," Las calificadoras siguen advirtiendo sobre la reforma judicial, presidente.",0.0,9,22,08,2024
PRESIDENTE ANDRES MANUEL LOPEZ OBRADOR," Pero es politiquería, no anden creyendo eso, ya engañaron mucho.",0.0,10,22,08,2024
PRESIDENTE ANDRES MANUEL LOPEZ OBRADOR,"¿Se acuerdan cómo engañaban que, si se aumentaba, el salario iba a haber inflación? ¿Se acuerdan cómo engañaban de que si se le daba a los de arriba les iba a ir bien a los de abajo, que si llovía fuerte arriba goteaba abajo? ¿Se acuerdan cómo engañaban de que había que diluir al Estado y que todo lo tenía que manejar el mercado? ¿Se acuerdan cómo engañaban que era mejor privatizar la educación y la salud? ¿Se acuerdan cómo engañaban de que no era malo endeudar al país?",0.0,89,22,08,2024
PRESIDENTE ANDRES MANUEL LOPEZ OBRADOR,Ya no les sigan creyendo a esa gente.,0.0,8,22,08,2024
PREGUNTA, ¿No cree que (inaudible) el grado de inversión?,0.0,8,22,08,2024
PRESIDENTE ANDRES MANUEL LOPEZ OBRADOR," No, no, es pura mentira, pura mentira, o sea.",0.0,9,22,08,2024
PRESIDENTE ANDRES MANUEL LOPEZ OBRADOR,"Y busquen si hay fortalecimiento del dólar con relación al peso, busquen las causas, y no van a encontrar nada interno, es un ajuste mundial que tiene que ver con Japón y con factores externos, fundamentalmente de la economía y de las finanzas de Estados Unidos.",0.0,46,22,08,2024
PRESIDENTE ANDRES MANUEL LOPEZ OBRADOR,No le crean a esta gente.,0.0,6,22,08,2024
PRESIDENTE ANDRES MANUEL LOPEZ OBRADOR,"Está como si le creyeran todo lo que dice el New York Times o el Wall Street Journal, es como la opinión de Aguilar Camín o de Krauze o de todos estos seudointernacionbalistas que han vivido siempre al amparo del poder público y a costillas del erario. Ya, ya, ya.",0.0,50,22,08,2024
PRESIDENTE ANDRES MANUEL LOPEZ OBRADOR,"Ustedes imagínense si nosotros le hubiésemos hecho caso al Fondo Monetario Internacional, al Banco Mundial, cómo estaríamos.",0.0,17,22,08,2024
PRESIDENTE ANDRES MANUEL LOPEZ OBRADOR,¿Cómo era antes?,0.0,3,22,08,2024
PRESIDENTE ANDRES MANUEL LOPEZ OBRADOR,"Nos imponían hasta la agenda, y ahí como borregos aceptándoles todas sus recetas para seguir empobreciendo al pueblo y seguir permitiendo el saqueo, el robo, la corrupción en México. Que se vayan más lejos.",0.0,34,22,08,2024
PRESIDENTE ANDRES MANUEL LOPEZ OBRADOR,"Esto para los jóvenes, porque ya los que se acostumbraron a eso está difícil que cambien, ven un artículo del New York Times o del Wall Street Journal: ‘¡Mira, mira lo que dice!’ Puras mentiras, son calumniadores, a veces calumnian más que el Reforma.",0.0,44,22,08,2024
PRESIDENTE ANDRES MANUEL LOPEZ OBRADOR,"¿Qué trae el Reforma hoy, por ejemplo?",0.0,7,22,08,2024
JESUS RAMIREZ CUEVAS," Lo de la tormenta financiera, las amenazas económicas.",0.0,8,22,08,2024
PRESIDENTE ANDRES MANUEL LOPEZ OBRADOR," Ah. Ponlo, ponlo, ponlo. Ahí está. Ponlo.",0.0,7,22,08,2024
PRESIDENTE ANDRES MANUEL LOPEZ OBRADOR,"Es que son predecibles, y no hacen nada por cambiar, no se dan cuenta que no se puede poner vino nuevo en botellas viejas.",0.0,24,22,08,2024
JESUS RAMIREZ CUEVAS," ‘Nubarrones’, dice arriba.",0.0,3,22,08,2024
PRESIDENTE ANDRES MANUEL LOPEZ OBRADOR, ¿Dónde dice?,0.0,2,22,08,2024
JESUS RAMIREZ CUEVAS," ‘Nubarrones’, a la derecha.",0.0,4,22,08,2024
PRESIDENTE ANDRES MANUEL LOPEZ OBRADOR, ‘Nubarrones’. ¡Qué barbaridad! ¡Uy!,0.0,4,22,08,2024
JESUS RAMIREZ CUEVAS, Dice que pausaron la inversión por la reforma judicial.,0.0,9,22,08,2024
PRESIDENTE ANDRES MANUEL LOPEZ OBRADOR," ‘Pausan inversión por reforma judicial’. Todo, todo, todo, todo el periódico.",0.0,11,22,08,2024
PRESIDENTE ANDRES MANUEL LOPEZ OBRADOR,"Pero sobre todo ustedes, los jóvenes, que ya tienen que ir haciendo a un lado estos esquemas, ya no funciona, tan no funciona que miren lo que pasó hace tres meses, menos, un ‘tengan para que aprendan’. Y siguen con lo mismo porque es mucho su clasismo, su racismo.",0.0,49,22,08,2024
PRESIDENTE ANDRES MANUEL LOPEZ OBRADOR,"Además, no había democracia, ese también es el fondo, era una oligarquía la que dominaba México. El gobierno era un comité al servicio de una minoría rapaz. Son muy ladrones, muy transas, y el pueblo se cansa de tanta pinche transa.",0.0,41,22,08,2024
PRESIDENTE ANDRES MANUEL LOPEZ OBRADOR,"Y ya vámonos a desayunar, pero vámonos con Juan Gabriel, que ese sí, ese sí. Vámonos con Juan Gabriel. Esto es México.",0.0,22,22,08,2024
PRESIDENTE ANDRES MANUEL LOPEZ OBRADOR, A desayunar.,0.0,2,22,08,2024
